BGC	Accession ID	Description	Product Prediction	BiG-SCAPE class	Organism	Taxonomy
sepi_clade_10_contig_19.region001	contig_19	contig_19, whole genome shotgun sequence	T3PKS	PKSother	.	
sepi_clade_11_contig_25.region001	contig_25	contig_25, whole genome shotgun sequence	T3PKS	PKSother	.	
sepi_clade_12_contig_25.region001	contig_25	contig_25, whole genome shotgun sequence	T3PKS	PKSother	.	
sepi_clade_13_contig_30.region001	contig_30	contig_30, whole genome shotgun sequence	T3PKS	PKSother	.	
sepi_clade_14_contig_1.region003	contig_1	contig_1, whole genome shotgun sequence	T3PKS	PKSother	.	
sepi_clade_15_contig_22.region001	contig_22	contig_22, whole genome shotgun sequence	T3PKS	PKSother	.	
sepi_clade_16_contig_26.region001	contig_26	contig_26, whole genome shotgun sequence	T3PKS	PKSother	.	
sepi_clade_17_contig_18.region001	contig_18	contig_18, whole genome shotgun sequence	T3PKS	PKSother	.	
sepi_clade_18_contig_3.region001	contig_3	contig_3, whole genome shotgun sequence	T3PKS	PKSother	.	
sepi_clade_19_contig_23.region001	contig_23	contig_23, whole genome shotgun sequence	T3PKS	PKSother	.	
sepi_clade_1_contig_16.region001	contig_16	contig_16, whole genome shotgun sequence	T3PKS	PKSother	.	
sepi_clade_20_contig_20.region001	contig_20	contig_20, whole genome shotgun sequence	T3PKS	PKSother	.	
sepi_clade_21_contig_22.region001	contig_22	contig_22, whole genome shotgun sequence	T3PKS	PKSother	.	
sepi_clade_22_contig_20.region001	contig_20	contig_20, whole genome shotgun sequence	T3PKS	PKSother	.	
sepi_clade_23_contig_18.region001	contig_18	contig_18, whole genome shotgun sequence	T3PKS	PKSother	.	
sepi_clade_24_contig_3.region001	contig_3	contig_3, whole genome shotgun sequence	T3PKS	PKSother	.	
sepi_clade_25_contig_5.region001	contig_5	contig_5, whole genome shotgun sequence	T3PKS	PKSother	.	
sepi_clade_26_contig_22.region001	contig_22	contig_22, whole genome shotgun sequence	T3PKS	PKSother	.	
sepi_clade_27_contig_23.region001	contig_23	contig_23, whole genome shotgun sequence	T3PKS	PKSother	.	
sepi_clade_28_contig_5.region001	contig_5	contig_5, whole genome shotgun sequence	T3PKS	PKSother	.	
sepi_clade_29_contig_19.region001	contig_19	contig_19, whole genome shotgun sequence	T3PKS	PKSother	.	
sepi_clade_2_contig_19.region001	contig_19	contig_19, whole genome shotgun sequence	T3PKS	PKSother	.	
sepi_clade_30_contig_24.region001	contig_24	contig_24, whole genome shotgun sequence	T3PKS	PKSother	.	
sepi_clade_31_contig_16.region001	contig_16	contig_16, whole genome shotgun sequence	T3PKS	PKSother	.	
sepi_clade_32_contig_16.region001	contig_16	contig_16, whole genome shotgun sequence	T3PKS	PKSother	.	
sepi_clade_33_contig_20.region001	contig_20	contig_20, whole genome shotgun sequence	T3PKS.terpene	Others	.	
sepi_clade_34_contig_17.region001	contig_17	contig_17, whole genome shotgun sequence	T3PKS	PKSother	.	
sepi_clade_35_contig_53.region001	contig_53	contig_53, whole genome shotgun sequence	T3PKS	PKSother	.	
sepi_clade_36_contig_18.region001	contig_18	contig_18, whole genome shotgun sequence	T3PKS	PKSother	.	
sepi_clade_37_contig_3.region001	contig_3	contig_3, whole genome shotgun sequence	T3PKS	PKSother	.	
sepi_clade_38_contig_4.region001	contig_4	contig_4, whole genome shotgun sequence	T3PKS	PKSother	.	
sepi_clade_39_contig_23.region001	contig_23	contig_23, whole genome shotgun sequence	T3PKS	PKSother	.	
sepi_clade_3_contig_2.region001	contig_2	contig_2, whole genome shotgun sequence	T3PKS.terpene	Others	.	
sepi_clade_40_contig_2.region001	contig_2	contig_2, whole genome shotgun sequence	T3PKS	PKSother	.	
sepi_clade_41_contig_16.region001	contig_16	contig_16, whole genome shotgun sequence	T3PKS	PKSother	.	
sepi_clade_42_contig_24.region001	contig_24	contig_24, whole genome shotgun sequence	T3PKS	PKSother	.	
sepi_clade_43_contig_14.region001	contig_14	contig_14, whole genome shotgun sequence	T3PKS	PKSother	.	
sepi_clade_44_contig_20.region001	contig_20	contig_20, whole genome shotgun sequence	T3PKS	PKSother	.	
sepi_clade_45_contig_17.region001	contig_17	contig_17, whole genome shotgun sequence	T3PKS	PKSother	.	
sepi_clade_46_contig_5.region001	contig_5	contig_5, whole genome shotgun sequence	T3PKS	PKSother	.	
sepi_clade_47_contig_16.region001	contig_16	contig_16, whole genome shotgun sequence	T3PKS	PKSother	.	
sepi_clade_48_contig_21.region001	contig_21	contig_21, whole genome shotgun sequence	T3PKS	PKSother	.	
sepi_clade_49_contig_27.region001	contig_27	contig_27, whole genome shotgun sequence	T3PKS	PKSother	.	
sepi_clade_4_contig_2.region001	contig_2	contig_2, whole genome shotgun sequence	T3PKS	PKSother	.	
sepi_clade_50_contig_31.region001	contig_31	contig_31, whole genome shotgun sequence	T3PKS	PKSother	.	
sepi_clade_51_contig_22.region001	contig_22	contig_22, whole genome shotgun sequence	T3PKS	PKSother	.	
sepi_clade_52_contig_15.region001	contig_15	contig_15, whole genome shotgun sequence	T3PKS	PKSother	.	
sepi_clade_53_contig_2.region001	contig_2	contig_2, whole genome shotgun sequence	T3PKS	PKSother	.	
sepi_clade_54_contig_16.region001	contig_16	contig_16, whole genome shotgun sequence	T3PKS	PKSother	.	
sepi_clade_55_contig_19.region001	contig_19	contig_19, whole genome shotgun sequence	T3PKS	PKSother	.	
sepi_clade_56_contig_4.region001	contig_4	contig_4, whole genome shotgun sequence	T3PKS	PKSother	.	
sepi_clade_57_contig_19.region001	contig_19	contig_19, whole genome shotgun sequence	T3PKS	PKSother	.	
sepi_clade_58_contig_2.region001	contig_2	contig_2, whole genome shotgun sequence	T3PKS	PKSother	.	
sepi_clade_59_contig_16.region001	contig_16	contig_16, whole genome shotgun sequence	T3PKS	PKSother	.	
sepi_clade_5_contig_2.region002	contig_2	contig_2, whole genome shotgun sequence	T3PKS	PKSother	.	
sepi_clade_60_contig_20.region001	contig_20	contig_20, whole genome shotgun sequence	T3PKS	PKSother	.	
sepi_clade_61_contig_17.region001	contig_17	contig_17, whole genome shotgun sequence	T3PKS	PKSother	.	
sepi_clade_62_contig_22.region001	contig_22	contig_22, whole genome shotgun sequence	T3PKS	PKSother	.	
sepi_clade_63_contig_19.region001	contig_19	contig_19, whole genome shotgun sequence	T3PKS	PKSother	.	
sepi_clade_64_contig_18.region001	contig_18	contig_18, whole genome shotgun sequence	T3PKS	PKSother	.	
sepi_clade_65_contig_27.region001	contig_27	contig_27, whole genome shotgun sequence	T3PKS	PKSother	.	
sepi_clade_66_contig_4.region001	contig_4	contig_4, whole genome shotgun sequence	T3PKS	PKSother	.	
sepi_clade_67_contig_17.region001	contig_17	contig_17, whole genome shotgun sequence	T3PKS	PKSother	.	
sepi_clade_68_contig_27.region001	contig_27	contig_27, whole genome shotgun sequence	T3PKS	PKSother	.	
sepi_clade_69_contig_17.region001	contig_17	contig_17, whole genome shotgun sequence	T3PKS	PKSother	.	
sepi_clade_6_contig_2.region001	contig_2	contig_2, whole genome shotgun sequence	T3PKS	PKSother	.	
sepi_clade_70_contig_20.region001	contig_20	contig_20, whole genome shotgun sequence	T3PKS	PKSother	.	
sepi_clade_71_contig_3.region001	contig_3	contig_3, whole genome shotgun sequence	T3PKS	PKSother	.	
sepi_clade_72_contig_17.region001	contig_17	contig_17, whole genome shotgun sequence	T3PKS	PKSother	.	
sepi_clade_73_contig_23.region001	contig_23	contig_23, whole genome shotgun sequence	T3PKS	PKSother	.	
sepi_clade_77_contig_18.region001	contig_18	contig_18, whole genome shotgun sequence	T3PKS	PKSother	.	
sepi_clade_7_contig_21.region001	contig_21	contig_21, whole genome shotgun sequence	T3PKS	PKSother	.	
sepi_clade_83_contig_1.region002	contig_1	contig_1, whole genome shotgun sequence	T3PKS	PKSother	.	
sepi_clade_86_contig_25.region001	contig_25	contig_25, whole genome shotgun sequence	T3PKS	PKSother	.	
sepi_clade_8_contig_1.region002	contig_1	contig_1, whole genome shotgun sequence	T3PKS	PKSother	.	
sepi_clade_92_contig_16.region001	contig_16	contig_16, whole genome shotgun sequence	T3PKS	PKSother	.	
sepi_clade_93_contig_22.region001	contig_22	contig_22, whole genome shotgun sequence	T3PKS	PKSother	.	
sepi_clade_9_contig_18.region001	contig_18	contig_18, whole genome shotgun sequence	T3PKS	PKSother	.	
