#BGC Name	Family Number
sepi_clade_15_contig_22.region001	254
sepi_clade_26_contig_22.region001	254
sepi_clade_27_contig_23.region001	254
sepi_clade_28_contig_5.region001	254
sepi_clade_29_contig_19.region001	254
sepi_clade_2_contig_19.region001	254
sepi_clade_30_contig_24.region001	254
sepi_clade_46_contig_5.region001	254
sepi_clade_47_contig_16.region001	254
sepi_clade_48_contig_21.region001	254
sepi_clade_49_contig_27.region001	254
sepi_clade_4_contig_2.region001	254
sepi_clade_50_contig_31.region001	254
sepi_clade_69_contig_17.region001	254
sepi_clade_6_contig_2.region001	254
sepi_clade_70_contig_20.region001	254
sepi_clade_71_contig_3.region001	254
sepi_clade_72_contig_17.region001	254
sepi_clade_10_contig_19.region001	355
sepi_clade_11_contig_25.region001	355
sepi_clade_12_contig_25.region001	355
sepi_clade_13_contig_30.region001	355
sepi_clade_14_contig_1.region003	355
sepi_clade_16_contig_26.region001	355
sepi_clade_17_contig_18.region001	355
sepi_clade_18_contig_3.region001	355
sepi_clade_19_contig_23.region001	355
sepi_clade_1_contig_16.region001	355
sepi_clade_20_contig_20.region001	355
sepi_clade_21_contig_22.region001	355
sepi_clade_22_contig_20.region001	355
sepi_clade_23_contig_18.region001	355
sepi_clade_24_contig_3.region001	355
sepi_clade_25_contig_5.region001	355
sepi_clade_31_contig_16.region001	355
sepi_clade_32_contig_16.region001	355
sepi_clade_33_contig_20.region001	355
sepi_clade_34_contig_17.region001	355
sepi_clade_35_contig_53.region001	355
sepi_clade_36_contig_18.region001	355
sepi_clade_37_contig_3.region001	355
sepi_clade_38_contig_4.region001	355
sepi_clade_39_contig_23.region001	355
sepi_clade_3_contig_2.region001	355
sepi_clade_40_contig_2.region001	355
sepi_clade_41_contig_16.region001	355
sepi_clade_42_contig_24.region001	355
sepi_clade_43_contig_14.region001	355
sepi_clade_44_contig_20.region001	355
sepi_clade_45_contig_17.region001	355
sepi_clade_51_contig_22.region001	355
sepi_clade_52_contig_15.region001	355
sepi_clade_53_contig_2.region001	355
sepi_clade_54_contig_16.region001	355
sepi_clade_55_contig_19.region001	355
sepi_clade_56_contig_4.region001	355
sepi_clade_57_contig_19.region001	355
sepi_clade_58_contig_2.region001	355
sepi_clade_59_contig_16.region001	355
sepi_clade_5_contig_2.region002	355
sepi_clade_60_contig_20.region001	355
sepi_clade_61_contig_17.region001	355
sepi_clade_62_contig_22.region001	355
sepi_clade_63_contig_19.region001	355
sepi_clade_64_contig_18.region001	355
sepi_clade_65_contig_27.region001	355
sepi_clade_66_contig_4.region001	355
sepi_clade_67_contig_17.region001	355
sepi_clade_68_contig_27.region001	355
sepi_clade_73_contig_23.region001	355
sepi_clade_77_contig_18.region001	355
sepi_clade_7_contig_21.region001	355
sepi_clade_83_contig_1.region002	355
sepi_clade_86_contig_25.region001	355
sepi_clade_8_contig_1.region002	355
sepi_clade_92_contig_16.region001	355
sepi_clade_93_contig_22.region001	355
sepi_clade_9_contig_18.region001	355
