BGC	Accession ID	Description	Product Prediction	BiG-SCAPE class	Organism	Taxonomy
sepi_clade_10_contig_19.region001	contig_19	contig_19, whole genome shotgun sequence	T3PKS	PKSother	.	
sepi_clade_10_contig_21.region001	contig_21	contig_21, whole genome shotgun sequence	cyclic-lactone-autoinducer	RiPPs	.	
sepi_clade_10_contig_3.region001	contig_3	contig_3, whole genome shotgun sequence	NRPS	NRPS	.	
sepi_clade_10_contig_3.region002	contig_3	contig_3, whole genome shotgun sequence	opine-like-metallophore	Others	.	
sepi_clade_10_contig_7.region001	contig_7	contig_7, whole genome shotgun sequence	NI-siderophore	Others	.	
sepi_clade_11_contig_15.region001	contig_15	contig_15, whole genome shotgun sequence	NI-siderophore	Others	.	
sepi_clade_11_contig_19.region001	contig_19	contig_19, whole genome shotgun sequence	cyclic-lactone-autoinducer	RiPPs	.	
sepi_clade_11_contig_25.region001	contig_25	contig_25, whole genome shotgun sequence	T3PKS	PKSother	.	
sepi_clade_11_contig_9.region001	contig_9	contig_9, whole genome shotgun sequence	NRPS	NRPS	.	
sepi_clade_11_contig_9.region002	contig_9	contig_9, whole genome shotgun sequence	opine-like-metallophore	Others	.	
sepi_clade_12_contig_16.region001	contig_16	contig_16, whole genome shotgun sequence	NI-siderophore	Others	.	
sepi_clade_12_contig_25.region001	contig_25	contig_25, whole genome shotgun sequence	T3PKS	PKSother	.	
sepi_clade_12_contig_26.region001	contig_26	contig_26, whole genome shotgun sequence	cyclic-lactone-autoinducer	RiPPs	.	
sepi_clade_12_contig_9.region001	contig_9	contig_9, whole genome shotgun sequence	opine-like-metallophore	Others	.	
sepi_clade_12_contig_9.region002	contig_9	contig_9, whole genome shotgun sequence	NRPS	NRPS	.	
sepi_clade_13_contig_10.region001	contig_10	contig_10, whole genome shotgun sequence	NI-siderophore	Others	.	
sepi_clade_13_contig_23.region001	contig_23	contig_23, whole genome shotgun sequence	cyclic-lactone-autoinducer	RiPPs	.	
sepi_clade_13_contig_30.region001	contig_30	contig_30, whole genome shotgun sequence	T3PKS	PKSother	.	
sepi_clade_13_contig_36.region001	contig_36	contig_36, whole genome shotgun sequence	CDPS	NRPS	.	
sepi_clade_13_contig_6.region001	contig_6	contig_6, whole genome shotgun sequence	NRPS	NRPS	.	
sepi_clade_13_contig_6.region002	contig_6	contig_6, whole genome shotgun sequence	opine-like-metallophore	Others	.	
sepi_clade_14_contig_1.region001	contig_1	contig_1, whole genome shotgun sequence	opine-like-metallophore	Others	.	
sepi_clade_14_contig_1.region002	contig_1	contig_1, whole genome shotgun sequence	NRPS	NRPS	.	
sepi_clade_14_contig_1.region003	contig_1	contig_1, whole genome shotgun sequence	T3PKS	PKSother	.	
sepi_clade_14_contig_1.region004	contig_1	contig_1, whole genome shotgun sequence	NI-siderophore	Others	.	
sepi_clade_14_contig_20.region001	contig_20	contig_20, whole genome shotgun sequence	CDPS	NRPS	.	
sepi_clade_14_contig_7.region001	contig_7	contig_7, whole genome shotgun sequence	cyclic-lactone-autoinducer	RiPPs	.	
sepi_clade_15_contig_12.region001	contig_12	contig_12, whole genome shotgun sequence	NRPS	NRPS	.	
sepi_clade_15_contig_12.region002	contig_12	contig_12, whole genome shotgun sequence	opine-like-metallophore	Others	.	
sepi_clade_15_contig_21.region001	contig_21	contig_21, whole genome shotgun sequence	cyclic-lactone-autoinducer	RiPPs	.	
sepi_clade_15_contig_22.region001	contig_22	contig_22, whole genome shotgun sequence	T3PKS	PKSother	.	
sepi_clade_15_contig_35.region001	contig_35	contig_35, whole genome shotgun sequence	RiPP-like	RiPPs	.	
sepi_clade_15_contig_8.region001	contig_8	contig_8, whole genome shotgun sequence	NI-siderophore	Others	.	
sepi_clade_16_contig_26.region001	contig_26	contig_26, whole genome shotgun sequence	T3PKS	PKSother	.	
sepi_clade_16_contig_27.region001	contig_27	contig_27, whole genome shotgun sequence	NI-siderophore	Others	.	
sepi_clade_16_contig_3.region001	contig_3	contig_3, whole genome shotgun sequence	opine-like-metallophore	Others	.	
sepi_clade_16_contig_3.region002	contig_3	contig_3, whole genome shotgun sequence	NRPS	NRPS	.	
sepi_clade_16_contig_5.region001	contig_5	contig_5, whole genome shotgun sequence	cyclic-lactone-autoinducer	RiPPs	.	
sepi_clade_16_contig_50.region001	contig_50	contig_50, whole genome shotgun sequence	RiPP-like	RiPPs	.	
sepi_clade_16_contig_52.region001	contig_52	contig_52, whole genome shotgun sequence	RiPP-like	RiPPs	.	
sepi_clade_17_contig_18.region001	contig_18	contig_18, whole genome shotgun sequence	T3PKS	PKSother	.	
sepi_clade_17_contig_23.region001	contig_23	contig_23, whole genome shotgun sequence	cyclic-lactone-autoinducer	RiPPs	.	
sepi_clade_17_contig_29.region001	contig_29	contig_29, whole genome shotgun sequence	NI-siderophore	Others	.	
sepi_clade_17_contig_46.region001	contig_46	contig_46, whole genome shotgun sequence	RiPP-like	RiPPs	.	
sepi_clade_17_contig_56.region001	contig_56	contig_56, whole genome shotgun sequence	RiPP-like	RiPPs	.	
sepi_clade_17_contig_7.region001	contig_7	contig_7, whole genome shotgun sequence	NRPS	NRPS	.	
sepi_clade_17_contig_7.region002	contig_7	contig_7, whole genome shotgun sequence	opine-like-metallophore	Others	.	
sepi_clade_18_contig_15.region001	contig_15	contig_15, whole genome shotgun sequence	NI-siderophore	Others	.	
sepi_clade_18_contig_19.region001	contig_19	contig_19, whole genome shotgun sequence	cyclic-lactone-autoinducer	RiPPs	.	
sepi_clade_18_contig_3.region001	contig_3	contig_3, whole genome shotgun sequence	T3PKS	PKSother	.	
sepi_clade_18_contig_40.region001	contig_40	contig_40, whole genome shotgun sequence	RiPP-like	RiPPs	.	
sepi_clade_18_contig_9.region001	contig_9	contig_9, whole genome shotgun sequence	opine-like-metallophore	Others	.	
sepi_clade_18_contig_9.region002	contig_9	contig_9, whole genome shotgun sequence	NRPS	NRPS	.	
sepi_clade_19_contig_15.region001	contig_15	contig_15, whole genome shotgun sequence	NI-siderophore	Others	.	
sepi_clade_19_contig_18.region001	contig_18	contig_18, whole genome shotgun sequence	NRPS	NRPS	.	
sepi_clade_19_contig_20.region001	contig_20	contig_20, whole genome shotgun sequence	opine-like-metallophore	Others	.	
sepi_clade_19_contig_23.region001	contig_23	contig_23, whole genome shotgun sequence	T3PKS	PKSother	.	
sepi_clade_19_contig_3.region001	contig_3	contig_3, whole genome shotgun sequence	cyclic-lactone-autoinducer	RiPPs	.	
sepi_clade_19_contig_30.region001	contig_30	contig_30, whole genome shotgun sequence	lanthipeptide-class-i	RiPPs	.	
sepi_clade_19_contig_53.region001	contig_53	contig_53, whole genome shotgun sequence	RiPP-like	RiPPs	.	
sepi_clade_19_contig_55.region001	contig_55	contig_55, whole genome shotgun sequence	RiPP-like	RiPPs	.	
sepi_clade_1_contig_11.region001	contig_11	contig_11, whole genome shotgun sequence	opine-like-metallophore	Others	.	
sepi_clade_1_contig_11.region002	contig_11	contig_11, whole genome shotgun sequence	NRPS	NRPS	.	
sepi_clade_1_contig_16.region001	contig_16	contig_16, whole genome shotgun sequence	T3PKS	PKSother	.	
sepi_clade_1_contig_42.region001	contig_42	contig_42, whole genome shotgun sequence	RiPP-like	RiPPs	.	
sepi_clade_1_contig_5.region001	contig_5	contig_5, whole genome shotgun sequence	cyclic-lactone-autoinducer	RiPPs	.	
sepi_clade_1_contig_8.region001	contig_8	contig_8, whole genome shotgun sequence	NI-siderophore	Others	.	
sepi_clade_20_contig_20.region001	contig_20	contig_20, whole genome shotgun sequence	T3PKS	PKSother	.	
sepi_clade_20_contig_23.region001	contig_23	contig_23, whole genome shotgun sequence	NI-siderophore	Others	.	
sepi_clade_20_contig_3.region001	contig_3	contig_3, whole genome shotgun sequence	NRPS	NRPS	.	
sepi_clade_20_contig_3.region002	contig_3	contig_3, whole genome shotgun sequence	opine-like-metallophore	Others	.	
sepi_clade_20_contig_4.region001	contig_4	contig_4, whole genome shotgun sequence	cyclic-lactone-autoinducer	RiPPs	.	
sepi_clade_21_contig_13.region001	contig_13	contig_13, whole genome shotgun sequence	opine-like-metallophore	Others	.	
sepi_clade_21_contig_13.region002	contig_13	contig_13, whole genome shotgun sequence	NRPS	NRPS	.	
sepi_clade_21_contig_21.region001	contig_21	contig_21, whole genome shotgun sequence	cyclic-lactone-autoinducer	RiPPs	.	
sepi_clade_21_contig_22.region001	contig_22	contig_22, whole genome shotgun sequence	T3PKS	PKSother	.	
sepi_clade_21_contig_42.region001	contig_42	contig_42, whole genome shotgun sequence	RiPP-like	RiPPs	.	
sepi_clade_21_contig_5.region001	contig_5	contig_5, whole genome shotgun sequence	NI-siderophore	Others	.	
sepi_clade_22_contig_16.region001	contig_16	contig_16, whole genome shotgun sequence	NI-siderophore	Others	.	
sepi_clade_22_contig_20.region001	contig_20	contig_20, whole genome shotgun sequence	T3PKS	PKSother	.	
sepi_clade_22_contig_5.region001	contig_5	contig_5, whole genome shotgun sequence	cyclic-lactone-autoinducer	RiPPs	.	
sepi_clade_22_contig_9.region001	contig_9	contig_9, whole genome shotgun sequence	NRPS	NRPS	.	
sepi_clade_22_contig_9.region002	contig_9	contig_9, whole genome shotgun sequence	opine-like-metallophore	Others	.	
sepi_clade_23_contig_13.region001	contig_13	contig_13, whole genome shotgun sequence	NRPS	NRPS	.	
sepi_clade_23_contig_13.region002	contig_13	contig_13, whole genome shotgun sequence	opine-like-metallophore	Others	.	
sepi_clade_23_contig_18.region001	contig_18	contig_18, whole genome shotgun sequence	T3PKS	PKSother	.	
sepi_clade_23_contig_5.region001	contig_5	contig_5, whole genome shotgun sequence	cyclic-lactone-autoinducer	RiPPs	.	
sepi_clade_23_contig_7.region001	contig_7	contig_7, whole genome shotgun sequence	NI-siderophore	Others	.	
sepi_clade_24_contig_10.region001	contig_10	contig_10, whole genome shotgun sequence	NRPS	NRPS	.	
sepi_clade_24_contig_10.region002	contig_10	contig_10, whole genome shotgun sequence	opine-like-metallophore	Others	.	
sepi_clade_24_contig_15.region001	contig_15	contig_15, whole genome shotgun sequence	NI-siderophore	Others	.	
sepi_clade_24_contig_17.region001	contig_17	contig_17, whole genome shotgun sequence	cyclic-lactone-autoinducer	RiPPs	.	
sepi_clade_24_contig_3.region001	contig_3	contig_3, whole genome shotgun sequence	T3PKS	PKSother	.	
sepi_clade_25_contig_11.region001	contig_11	contig_11, whole genome shotgun sequence	NI-siderophore	Others	.	
sepi_clade_25_contig_15.region001	contig_15	contig_15, whole genome shotgun sequence	opine-like-metallophore	Others	.	
sepi_clade_25_contig_20.region001	contig_20	contig_20, whole genome shotgun sequence	RiPP-like	RiPPs	.	
sepi_clade_25_contig_27.region001	contig_27	contig_27, whole genome shotgun sequence	NRPS	NRPS	.	
sepi_clade_25_contig_5.region001	contig_5	contig_5, whole genome shotgun sequence	T3PKS	PKSother	.	
sepi_clade_25_contig_8.region001	contig_8	contig_8, whole genome shotgun sequence	cyclic-lactone-autoinducer	RiPPs	.	
sepi_clade_26_contig_16.region001	contig_16	contig_16, whole genome shotgun sequence	opine-like-metallophore	Others	.	
sepi_clade_26_contig_22.region001	contig_22	contig_22, whole genome shotgun sequence	T3PKS	PKSother	.	
sepi_clade_26_contig_30.region001	contig_30	contig_30, whole genome shotgun sequence	NI-siderophore	Others	.	
sepi_clade_26_contig_38.region001	contig_38	contig_38, whole genome shotgun sequence	NRPS	NRPS	.	
sepi_clade_26_contig_47.region001	contig_47	contig_47, whole genome shotgun sequence	RiPP-like	RiPPs	.	
sepi_clade_26_contig_6.region001	contig_6	contig_6, whole genome shotgun sequence	cyclic-lactone-autoinducer	RiPPs	.	
sepi_clade_27_contig_13.region001	contig_13	contig_13, whole genome shotgun sequence	NI-siderophore	Others	.	
sepi_clade_27_contig_23.region001	contig_23	contig_23, whole genome shotgun sequence	T3PKS	PKSother	.	
sepi_clade_27_contig_26.region001	contig_26	contig_26, whole genome shotgun sequence	cyclic-lactone-autoinducer	RiPPs	.	
sepi_clade_27_contig_4.region001	contig_4	contig_4, whole genome shotgun sequence	opine-like-metallophore	Others	.	
sepi_clade_27_contig_4.region002	contig_4	contig_4, whole genome shotgun sequence	NRPS	NRPS	.	
sepi_clade_27_contig_68.region001	contig_68	contig_68, whole genome shotgun sequence	RiPP-like	RiPPs	.	
sepi_clade_28_contig_10.region001	contig_10	contig_10, whole genome shotgun sequence	cyclic-lactone-autoinducer	RiPPs	.	
sepi_clade_28_contig_11.region001	contig_11	contig_11, whole genome shotgun sequence	opine-like-metallophore	Others	.	
sepi_clade_28_contig_11.region002	contig_11	contig_11, whole genome shotgun sequence	NRPS	NRPS	.	
sepi_clade_28_contig_34.region001	contig_34	contig_34, whole genome shotgun sequence	RiPP-like	RiPPs	.	
sepi_clade_28_contig_5.region001	contig_5	contig_5, whole genome shotgun sequence	T3PKS	PKSother	.	
sepi_clade_28_contig_7.region001	contig_7	contig_7, whole genome shotgun sequence	NI-siderophore	Others	.	
sepi_clade_29_contig_12.region001	contig_12	contig_12, whole genome shotgun sequence	NRPS	NRPS	.	
sepi_clade_29_contig_12.region002	contig_12	contig_12, whole genome shotgun sequence	opine-like-metallophore	Others	.	
sepi_clade_29_contig_19.region001	contig_19	contig_19, whole genome shotgun sequence	T3PKS	PKSother	.	
sepi_clade_29_contig_3.region001	contig_3	contig_3, whole genome shotgun sequence	cyclic-lactone-autoinducer	RiPPs	.	
sepi_clade_29_contig_6.region001	contig_6	contig_6, whole genome shotgun sequence	NI-siderophore	Others	.	
sepi_clade_2_contig_10.region001	contig_10	contig_10, whole genome shotgun sequence	NRPS	NRPS	.	
sepi_clade_2_contig_10.region002	contig_10	contig_10, whole genome shotgun sequence	opine-like-metallophore	Others	.	
sepi_clade_2_contig_19.region001	contig_19	contig_19, whole genome shotgun sequence	T3PKS	PKSother	.	
sepi_clade_2_contig_6.region001	contig_6	contig_6, whole genome shotgun sequence	cyclic-lactone-autoinducer	RiPPs	.	
sepi_clade_2_contig_8.region001	contig_8	contig_8, whole genome shotgun sequence	NI-siderophore	Others	.	
sepi_clade_30_contig_12.region001	contig_12	contig_12, whole genome shotgun sequence	NRPS	NRPS	.	
sepi_clade_30_contig_14.region001	contig_14	contig_14, whole genome shotgun sequence	opine-like-metallophore	Others	.	
sepi_clade_30_contig_24.region001	contig_24	contig_24, whole genome shotgun sequence	T3PKS	PKSother	.	
sepi_clade_30_contig_30.region001	contig_30	contig_30, whole genome shotgun sequence	cyclic-lactone-autoinducer	RiPPs	.	
sepi_clade_30_contig_36.region001	contig_36	contig_36, whole genome shotgun sequence	lanthipeptide-class-i	RiPPs	.	
sepi_clade_30_contig_49.region001	contig_49	contig_49, whole genome shotgun sequence	RiPP-like	RiPPs	.	
sepi_clade_30_contig_7.region001	contig_7	contig_7, whole genome shotgun sequence	NI-siderophore	Others	.	
sepi_clade_31_contig_16.region001	contig_16	contig_16, whole genome shotgun sequence	T3PKS	PKSother	.	
sepi_clade_31_contig_17.region001	contig_17	contig_17, whole genome shotgun sequence	cyclic-lactone-autoinducer	RiPPs	.	
sepi_clade_31_contig_6.region001	contig_6	contig_6, whole genome shotgun sequence	NRPS	NRPS	.	
sepi_clade_31_contig_6.region002	contig_6	contig_6, whole genome shotgun sequence	opine-like-metallophore	Others	.	
sepi_clade_31_contig_8.region001	contig_8	contig_8, whole genome shotgun sequence	NI-siderophore	Others	.	
sepi_clade_32_contig_10.region001	contig_10	contig_10, whole genome shotgun sequence	opine-like-metallophore	Others	.	
sepi_clade_32_contig_10.region002	contig_10	contig_10, whole genome shotgun sequence	NRPS	NRPS	.	
sepi_clade_32_contig_16.region001	contig_16	contig_16, whole genome shotgun sequence	T3PKS	PKSother	.	
sepi_clade_32_contig_7.region001	contig_7	contig_7, whole genome shotgun sequence	cyclic-lactone-autoinducer	RiPPs	.	
sepi_clade_32_contig_8.region001	contig_8	contig_8, whole genome shotgun sequence	NI-siderophore	Others	.	
sepi_clade_33_contig_15.region001	contig_15	contig_15, whole genome shotgun sequence	cyclic-lactone-autoinducer	RiPPs	.	
sepi_clade_33_contig_20.region001	contig_20	contig_20, whole genome shotgun sequence	T3PKS.terpene	Others	.	
sepi_clade_33_contig_29.region001	contig_29	contig_29, whole genome shotgun sequence	NI-siderophore	Others	.	
sepi_clade_33_contig_7.region001	contig_7	contig_7, whole genome shotgun sequence	NRPS	NRPS	.	
sepi_clade_33_contig_7.region002	contig_7	contig_7, whole genome shotgun sequence	opine-like-metallophore	Others	.	
sepi_clade_34_contig_13.region001	contig_13	contig_13, whole genome shotgun sequence	NRPS	NRPS	.	
sepi_clade_34_contig_14.region001	contig_14	contig_14, whole genome shotgun sequence	cyclic-lactone-autoinducer	RiPPs	.	
sepi_clade_34_contig_17.region001	contig_17	contig_17, whole genome shotgun sequence	T3PKS	PKSother	.	
sepi_clade_34_contig_18.region001	contig_18	contig_18, whole genome shotgun sequence	opine-like-metallophore	Others	.	
sepi_clade_34_contig_54.region001	contig_54	contig_54, whole genome shotgun sequence	RiPP-like	RiPPs	.	
sepi_clade_34_contig_6.region001	contig_6	contig_6, whole genome shotgun sequence	NI-siderophore	Others	.	
sepi_clade_35_contig_13.region001	contig_13	contig_13, whole genome shotgun sequence	opine-like-metallophore	Others	.	
sepi_clade_35_contig_21.region001	contig_21	contig_21, whole genome shotgun sequence	cyclic-lactone-autoinducer	RiPPs	.	
sepi_clade_35_contig_32.region001	contig_32	contig_32, whole genome shotgun sequence	NRPS	NRPS	.	
sepi_clade_35_contig_39.region001	contig_39	contig_39, whole genome shotgun sequence	RiPP-like	RiPPs	.	
sepi_clade_35_contig_5.region001	contig_5	contig_5, whole genome shotgun sequence	NI-siderophore	Others	.	
sepi_clade_35_contig_53.region001	contig_53	contig_53, whole genome shotgun sequence	T3PKS	PKSother	.	
sepi_clade_36_contig_18.region001	contig_18	contig_18, whole genome shotgun sequence	T3PKS	PKSother	.	
sepi_clade_36_contig_26.region001	contig_26	contig_26, whole genome shotgun sequence	cyclic-lactone-autoinducer	RiPPs	.	
sepi_clade_36_contig_3.region001	contig_3	contig_3, whole genome shotgun sequence	NI-siderophore	Others	.	
sepi_clade_36_contig_49.region001	contig_49	contig_49, whole genome shotgun sequence	RiPP-like	RiPPs	.	
sepi_clade_36_contig_51.region001	contig_51	contig_51, whole genome shotgun sequence	CDPS	NRPS	.	
sepi_clade_36_contig_7.region001	contig_7	contig_7, whole genome shotgun sequence	NRPS	NRPS	.	
sepi_clade_36_contig_7.region002	contig_7	contig_7, whole genome shotgun sequence	opine-like-metallophore	Others	.	
sepi_clade_37_contig_12.region001	contig_12	contig_12, whole genome shotgun sequence	NI-siderophore	Others	.	
sepi_clade_37_contig_15.region001	contig_15	contig_15, whole genome shotgun sequence	cyclic-lactone-autoinducer	RiPPs	.	
sepi_clade_37_contig_19.region001	contig_19	contig_19, whole genome shotgun sequence	opine-like-metallophore	Others	.	
sepi_clade_37_contig_25.region001	contig_25	contig_25, whole genome shotgun sequence	NRPS	NRPS	.	
sepi_clade_37_contig_3.region001	contig_3	contig_3, whole genome shotgun sequence	T3PKS	PKSother	.	
sepi_clade_37_contig_46.region001	contig_46	contig_46, whole genome shotgun sequence	RiPP-like	RiPPs	.	
sepi_clade_38_contig_14.region001	contig_14	contig_14, whole genome shotgun sequence	NI-siderophore	Others	.	
sepi_clade_38_contig_18.region001	contig_18	contig_18, whole genome shotgun sequence	cyclic-lactone-autoinducer	RiPPs	.	
sepi_clade_38_contig_27.region001	contig_27	contig_27, whole genome shotgun sequence	RiPP-like	RiPPs	.	
sepi_clade_38_contig_4.region001	contig_4	contig_4, whole genome shotgun sequence	T3PKS	PKSother	.	
sepi_clade_38_contig_6.region001	contig_6	contig_6, whole genome shotgun sequence	NRPS	NRPS	.	
sepi_clade_38_contig_6.region002	contig_6	contig_6, whole genome shotgun sequence	opine-like-metallophore	Others	.	
sepi_clade_39_contig_12.region001	contig_12	contig_12, whole genome shotgun sequence	NRPS	NRPS	.	
sepi_clade_39_contig_12.region002	contig_12	contig_12, whole genome shotgun sequence	opine-like-metallophore	Others	.	
sepi_clade_39_contig_18.region001	contig_18	contig_18, whole genome shotgun sequence	cyclic-lactone-autoinducer	RiPPs	.	
sepi_clade_39_contig_23.region001	contig_23	contig_23, whole genome shotgun sequence	T3PKS	PKSother	.	
sepi_clade_39_contig_48.region001	contig_48	contig_48, whole genome shotgun sequence	RiPP-like	RiPPs	.	
sepi_clade_39_contig_5.region001	contig_5	contig_5, whole genome shotgun sequence	NI-siderophore	Others	.	
sepi_clade_3_contig_17.region001	contig_17	contig_17, whole genome shotgun sequence	cyclic-lactone-autoinducer	RiPPs	.	
sepi_clade_3_contig_2.region001	contig_2	contig_2, whole genome shotgun sequence	T3PKS.terpene	Others	.	
sepi_clade_3_contig_3.region001	contig_3	contig_3, whole genome shotgun sequence	NRPS	NRPS	.	
sepi_clade_3_contig_3.region002	contig_3	contig_3, whole genome shotgun sequence	opine-like-metallophore	Others	.	
sepi_clade_3_contig_8.region001	contig_8	contig_8, whole genome shotgun sequence	NI-siderophore	Others	.	
sepi_clade_40_contig_11.region001	contig_11	contig_11, whole genome shotgun sequence	opine-like-metallophore	Others	.	
sepi_clade_40_contig_11.region002	contig_11	contig_11, whole genome shotgun sequence	NRPS	NRPS	.	
sepi_clade_40_contig_2.region001	contig_2	contig_2, whole genome shotgun sequence	T3PKS	PKSother	.	
sepi_clade_40_contig_4.region001	contig_4	contig_4, whole genome shotgun sequence	cyclic-lactone-autoinducer	RiPPs	.	
sepi_clade_40_contig_7.region001	contig_7	contig_7, whole genome shotgun sequence	NI-siderophore	Others	.	
sepi_clade_41_contig_13.region001	contig_13	contig_13, whole genome shotgun sequence	NI-siderophore	Others	.	
sepi_clade_41_contig_16.region001	contig_16	contig_16, whole genome shotgun sequence	T3PKS	PKSother	.	
sepi_clade_41_contig_20.region001	contig_20	contig_20, whole genome shotgun sequence	cyclic-lactone-autoinducer	RiPPs	.	
sepi_clade_41_contig_45.region001	contig_45	contig_45, whole genome shotgun sequence	RiPP-like	RiPPs	.	
sepi_clade_41_contig_6.region001	contig_6	contig_6, whole genome shotgun sequence	NRPS	NRPS	.	
sepi_clade_41_contig_6.region002	contig_6	contig_6, whole genome shotgun sequence	opine-like-metallophore	Others	.	
sepi_clade_42_contig_11.region001	contig_11	contig_11, whole genome shotgun sequence	NRPS	NRPS	.	
sepi_clade_42_contig_11.region002	contig_11	contig_11, whole genome shotgun sequence	opine-like-metallophore	Others	.	
sepi_clade_42_contig_2.region001	contig_2	contig_2, whole genome shotgun sequence	NI-siderophore	Others	.	
sepi_clade_42_contig_24.region001	contig_24	contig_24, whole genome shotgun sequence	T3PKS	PKSother	.	
sepi_clade_42_contig_25.region001	contig_25	contig_25, whole genome shotgun sequence	cyclic-lactone-autoinducer	RiPPs	.	
sepi_clade_42_contig_35.region001	contig_35	contig_35, whole genome shotgun sequence	RiPP-like	RiPPs	.	
sepi_clade_42_contig_36.region001	contig_36	contig_36, whole genome shotgun sequence	RiPP-like	RiPPs	.	
sepi_clade_43_contig_10.region001	contig_10	contig_10, whole genome shotgun sequence	NI-siderophore	Others	.	
sepi_clade_43_contig_14.region001	contig_14	contig_14, whole genome shotgun sequence	T3PKS	PKSother	.	
sepi_clade_43_contig_16.region001	contig_16	contig_16, whole genome shotgun sequence	cyclic-lactone-autoinducer	RiPPs	.	
sepi_clade_43_contig_5.region001	contig_5	contig_5, whole genome shotgun sequence	opine-like-metallophore	Others	.	
sepi_clade_43_contig_5.region002	contig_5	contig_5, whole genome shotgun sequence	NRPS	NRPS	.	
sepi_clade_44_contig_11.region001	contig_11	contig_11, whole genome shotgun sequence	NRPS	NRPS	.	
sepi_clade_44_contig_17.region001	contig_17	contig_17, whole genome shotgun sequence	opine-like-metallophore	Others	.	
sepi_clade_44_contig_20.region001	contig_20	contig_20, whole genome shotgun sequence	T3PKS	PKSother	.	
sepi_clade_44_contig_6.region001	contig_6	contig_6, whole genome shotgun sequence	cyclic-lactone-autoinducer	RiPPs	.	
sepi_clade_44_contig_9.region001	contig_9	contig_9, whole genome shotgun sequence	NI-siderophore	Others	.	
sepi_clade_45_contig_17.region001	contig_17	contig_17, whole genome shotgun sequence	T3PKS	PKSother	.	
sepi_clade_45_contig_28.region001	contig_28	contig_28, whole genome shotgun sequence	NI-siderophore	Others	.	
sepi_clade_45_contig_31.region001	contig_31	contig_31, whole genome shotgun sequence	cyclic-lactone-autoinducer	RiPPs	.	
sepi_clade_45_contig_5.region001	contig_5	contig_5, whole genome shotgun sequence	opine-like-metallophore	Others	.	
sepi_clade_45_contig_5.region002	contig_5	contig_5, whole genome shotgun sequence	NRPS	NRPS	.	
sepi_clade_46_contig_12.region001	contig_12	contig_12, whole genome shotgun sequence	NI-siderophore	Others	.	
sepi_clade_46_contig_20.region001	contig_20	contig_20, whole genome shotgun sequence	RiPP-like	RiPPs	.	
sepi_clade_46_contig_4.region001	contig_4	contig_4, whole genome shotgun sequence	opine-like-metallophore	Others	.	
sepi_clade_46_contig_4.region002	contig_4	contig_4, whole genome shotgun sequence	NRPS	NRPS	.	
sepi_clade_46_contig_5.region001	contig_5	contig_5, whole genome shotgun sequence	T3PKS	PKSother	.	
sepi_clade_46_contig_6.region001	contig_6	contig_6, whole genome shotgun sequence	cyclic-lactone-autoinducer	RiPPs	.	
sepi_clade_47_contig_16.region001	contig_16	contig_16, whole genome shotgun sequence	T3PKS	PKSother	.	
sepi_clade_47_contig_18.region001	contig_18	contig_18, whole genome shotgun sequence	NI-siderophore	Others	.	
sepi_clade_47_contig_21.region001	contig_21	contig_21, whole genome shotgun sequence	opine-like-metallophore	Others	.	
sepi_clade_47_contig_25.region001	contig_25	contig_25, whole genome shotgun sequence	NRPS	NRPS	.	
sepi_clade_47_contig_29.region001	contig_29	contig_29, whole genome shotgun sequence	cyclic-lactone-autoinducer	RiPPs	.	
sepi_clade_48_contig_11.region001	contig_11	contig_11, whole genome shotgun sequence	NI-siderophore	Others	.	
sepi_clade_48_contig_21.region001	contig_21	contig_21, whole genome shotgun sequence	T3PKS	PKSother	.	
sepi_clade_48_contig_29.region001	contig_29	contig_29, whole genome shotgun sequence	cyclic-lactone-autoinducer	RiPPs	.	
sepi_clade_48_contig_4.region001	contig_4	contig_4, whole genome shotgun sequence	NRPS	NRPS	.	
sepi_clade_48_contig_4.region002	contig_4	contig_4, whole genome shotgun sequence	opine-like-metallophore	Others	.	
sepi_clade_49_contig_12.region001	contig_12	contig_12, whole genome shotgun sequence	NI-siderophore	Others	.	
sepi_clade_49_contig_22.region001	contig_22	contig_22, whole genome shotgun sequence	cyclic-lactone-autoinducer	RiPPs	.	
sepi_clade_49_contig_27.region001	contig_27	contig_27, whole genome shotgun sequence	T3PKS	PKSother	.	
sepi_clade_49_contig_28.region001	contig_28	contig_28, whole genome shotgun sequence	NRPS	NRPS	.	
sepi_clade_49_contig_68.region001	contig_68	contig_68, whole genome shotgun sequence	opine-like-metallophore	Others	.	
sepi_clade_49_contig_93.region001	contig_93	contig_93, whole genome shotgun sequence	RiPP-like	RiPPs	.	
sepi_clade_4_contig_13.region001	contig_13	contig_13, whole genome shotgun sequence	opine-like-metallophore	Others	.	
sepi_clade_4_contig_16.region001	contig_16	contig_16, whole genome shotgun sequence	NRPS	NRPS	.	
sepi_clade_4_contig_2.region001	contig_2	contig_2, whole genome shotgun sequence	T3PKS	PKSother	.	
sepi_clade_4_contig_20.region001	contig_20	contig_20, whole genome shotgun sequence	cyclic-lactone-autoinducer	RiPPs	.	
sepi_clade_4_contig_9.region001	contig_9	contig_9, whole genome shotgun sequence	NI-siderophore	Others	.	
sepi_clade_50_contig_12.region001	contig_12	contig_12, whole genome shotgun sequence	NI-siderophore	Others	.	
sepi_clade_50_contig_13.region001	contig_13	contig_13, whole genome shotgun sequence	cyclic-lactone-autoinducer	RiPPs	.	
sepi_clade_50_contig_16.region001	contig_16	contig_16, whole genome shotgun sequence	opine-like-metallophore	Others	.	
sepi_clade_50_contig_31.region001	contig_31	contig_31, whole genome shotgun sequence	T3PKS	PKSother	.	
sepi_clade_50_contig_85.region001	contig_85	contig_85, whole genome shotgun sequence	RiPP-like	RiPPs	.	
sepi_clade_51_contig_15.region001	contig_15	contig_15, whole genome shotgun sequence	cyclic-lactone-autoinducer	RiPPs	.	
sepi_clade_51_contig_19.region001	contig_19	contig_19, whole genome shotgun sequence	NRPS	NRPS	.	
sepi_clade_51_contig_21.region001	contig_21	contig_21, whole genome shotgun sequence	opine-like-metallophore	Others	.	
sepi_clade_51_contig_22.region001	contig_22	contig_22, whole genome shotgun sequence	T3PKS	PKSother	.	
sepi_clade_51_contig_3.region001	contig_3	contig_3, whole genome shotgun sequence	NI-siderophore	Others	.	
sepi_clade_51_contig_70.region001	contig_70	contig_70, whole genome shotgun sequence	RiPP-like	RiPPs	.	
sepi_clade_51_contig_71.region001	contig_71	contig_71, whole genome shotgun sequence	CDPS	NRPS	.	
sepi_clade_52_contig_15.region001	contig_15	contig_15, whole genome shotgun sequence	T3PKS	PKSother	.	
sepi_clade_52_contig_17.region001	contig_17	contig_17, whole genome shotgun sequence	NI-siderophore	Others	.	
sepi_clade_52_contig_18.region001	contig_18	contig_18, whole genome shotgun sequence	cyclic-lactone-autoinducer	RiPPs	.	
sepi_clade_52_contig_9.region001	contig_9	contig_9, whole genome shotgun sequence	NRPS	NRPS	.	
sepi_clade_52_contig_9.region002	contig_9	contig_9, whole genome shotgun sequence	opine-like-metallophore	Others	.	
sepi_clade_53_contig_10.region001	contig_10	contig_10, whole genome shotgun sequence	opine-like-metallophore	Others	.	
sepi_clade_53_contig_10.region002	contig_10	contig_10, whole genome shotgun sequence	NRPS	NRPS	.	
sepi_clade_53_contig_2.region001	contig_2	contig_2, whole genome shotgun sequence	T3PKS	PKSother	.	
sepi_clade_53_contig_8.region001	contig_8	contig_8, whole genome shotgun sequence	NI-siderophore	Others	.	
sepi_clade_53_contig_9.region001	contig_9	contig_9, whole genome shotgun sequence	cyclic-lactone-autoinducer	RiPPs	.	
sepi_clade_54_contig_1.region001	contig_1	contig_1, whole genome shotgun sequence	NI-siderophore	Others	.	
sepi_clade_54_contig_16.region001	contig_16	contig_16, whole genome shotgun sequence	T3PKS	PKSother	.	
sepi_clade_54_contig_8.region001	contig_8	contig_8, whole genome shotgun sequence	cyclic-lactone-autoinducer	RiPPs	.	
sepi_clade_54_contig_9.region001	contig_9	contig_9, whole genome shotgun sequence	NRPS	NRPS	.	
sepi_clade_54_contig_9.region002	contig_9	contig_9, whole genome shotgun sequence	opine-like-metallophore	Others	.	
sepi_clade_55_contig_19.region001	contig_19	contig_19, whole genome shotgun sequence	T3PKS	PKSother	.	
sepi_clade_55_contig_4.region001	contig_4	contig_4, whole genome shotgun sequence	NI-siderophore	Others	.	
sepi_clade_55_contig_6.region001	contig_6	contig_6, whole genome shotgun sequence	cyclic-lactone-autoinducer	RiPPs	.	
sepi_clade_55_contig_9.region001	contig_9	contig_9, whole genome shotgun sequence	NRPS	NRPS	.	
sepi_clade_55_contig_9.region002	contig_9	contig_9, whole genome shotgun sequence	opine-like-metallophore	Others	.	
sepi_clade_56_contig_10.region001	contig_10	contig_10, whole genome shotgun sequence	NRPS	NRPS	.	
sepi_clade_56_contig_10.region002	contig_10	contig_10, whole genome shotgun sequence	opine-like-metallophore	Others	.	
sepi_clade_56_contig_14.region001	contig_14	contig_14, whole genome shotgun sequence	NI-siderophore	Others	.	
sepi_clade_56_contig_17.region001	contig_17	contig_17, whole genome shotgun sequence	cyclic-lactone-autoinducer	RiPPs	.	
sepi_clade_56_contig_4.region001	contig_4	contig_4, whole genome shotgun sequence	T3PKS	PKSother	.	
sepi_clade_56_contig_59.region001	contig_59	contig_59, whole genome shotgun sequence	RiPP-like	RiPPs	.	
sepi_clade_57_contig_13.region001	contig_13	contig_13, whole genome shotgun sequence	cyclic-lactone-autoinducer	RiPPs	.	
sepi_clade_57_contig_14.region001	contig_14	contig_14, whole genome shotgun sequence	NI-siderophore	Others	.	
sepi_clade_57_contig_15.region001	contig_15	contig_15, whole genome shotgun sequence	NRPS	NRPS	.	
sepi_clade_57_contig_19.region001	contig_19	contig_19, whole genome shotgun sequence	T3PKS	PKSother	.	
sepi_clade_57_contig_20.region001	contig_20	contig_20, whole genome shotgun sequence	opine-like-metallophore	Others	.	
sepi_clade_57_contig_45.region001	contig_45	contig_45, whole genome shotgun sequence	RiPP-like	RiPPs	.	
sepi_clade_58_contig_2.region001	contig_2	contig_2, whole genome shotgun sequence	T3PKS	PKSother	.	
sepi_clade_58_contig_2.region002	contig_2	contig_2, whole genome shotgun sequence	NI-siderophore	Others	.	
sepi_clade_58_contig_6.region001	contig_6	contig_6, whole genome shotgun sequence	cyclic-lactone-autoinducer	RiPPs	.	
sepi_clade_58_contig_8.region001	contig_8	contig_8, whole genome shotgun sequence	NRPS	NRPS	.	
sepi_clade_58_contig_8.region002	contig_8	contig_8, whole genome shotgun sequence	opine-like-metallophore	Others	.	
sepi_clade_59_contig_14.region001	contig_14	contig_14, whole genome shotgun sequence	NI-siderophore	Others	.	
sepi_clade_59_contig_16.region001	contig_16	contig_16, whole genome shotgun sequence	T3PKS	PKSother	.	
sepi_clade_59_contig_24.region001	contig_24	contig_24, whole genome shotgun sequence	cyclic-lactone-autoinducer	RiPPs	.	
sepi_clade_59_contig_9.region001	contig_9	contig_9, whole genome shotgun sequence	opine-like-metallophore	Others	.	
sepi_clade_59_contig_9.region002	contig_9	contig_9, whole genome shotgun sequence	NRPS	NRPS	.	
sepi_clade_5_contig_2.region001	contig_2	contig_2, whole genome shotgun sequence	NI-siderophore	Others	.	
sepi_clade_5_contig_2.region002	contig_2	contig_2, whole genome shotgun sequence	T3PKS	PKSother	.	
sepi_clade_5_contig_4.region001	contig_4	contig_4, whole genome shotgun sequence	cyclic-lactone-autoinducer	RiPPs	.	
sepi_clade_5_contig_5.region001	contig_5	contig_5, whole genome shotgun sequence	opine-like-metallophore	Others	.	
sepi_clade_5_contig_5.region002	contig_5	contig_5, whole genome shotgun sequence	NRPS	NRPS	.	
sepi_clade_60_contig_17.region001	contig_17	contig_17, whole genome shotgun sequence	opine-like-metallophore	Others	.	
sepi_clade_60_contig_20.region001	contig_20	contig_20, whole genome shotgun sequence	T3PKS	PKSother	.	
sepi_clade_60_contig_24.region001	contig_24	contig_24, whole genome shotgun sequence	cyclic-lactone-autoinducer	RiPPs	.	
sepi_clade_60_contig_27.region001	contig_27	contig_27, whole genome shotgun sequence	NRPS	NRPS	.	
sepi_clade_60_contig_4.region001	contig_4	contig_4, whole genome shotgun sequence	NI-siderophore	Others	.	
sepi_clade_61_contig_17.region001	contig_17	contig_17, whole genome shotgun sequence	T3PKS	PKSother	.	
sepi_clade_61_contig_21.region001	contig_21	contig_21, whole genome shotgun sequence	NRPS	NRPS	.	
sepi_clade_61_contig_26.region001	contig_26	contig_26, whole genome shotgun sequence	opine-like-metallophore	Others	.	
sepi_clade_61_contig_5.region001	contig_5	contig_5, whole genome shotgun sequence	NI-siderophore	Others	.	
sepi_clade_61_contig_92.region001	contig_92	contig_92, whole genome shotgun sequence	cyclic-lactone-autoinducer	RiPPs	.	
sepi_clade_62_contig_22.region001	contig_22	contig_22, whole genome shotgun sequence	T3PKS	PKSother	.	
sepi_clade_62_contig_3.region001	contig_3	contig_3, whole genome shotgun sequence	cyclic-lactone-autoinducer	RiPPs	.	
sepi_clade_62_contig_4.region001	contig_4	contig_4, whole genome shotgun sequence	NI-siderophore	Others	.	
sepi_clade_62_contig_9.region001	contig_9	contig_9, whole genome shotgun sequence	opine-like-metallophore	Others	.	
sepi_clade_62_contig_9.region002	contig_9	contig_9, whole genome shotgun sequence	NRPS	NRPS	.	
sepi_clade_63_contig_11.region001	contig_11	contig_11, whole genome shotgun sequence	NRPS	NRPS	.	
sepi_clade_63_contig_11.region002	contig_11	contig_11, whole genome shotgun sequence	opine-like-metallophore	Others	.	
sepi_clade_63_contig_19.region001	contig_19	contig_19, whole genome shotgun sequence	T3PKS	PKSother	.	
sepi_clade_63_contig_23.region001	contig_23	contig_23, whole genome shotgun sequence	NI-siderophore	Others	.	
sepi_clade_63_contig_7.region001	contig_7	contig_7, whole genome shotgun sequence	cyclic-lactone-autoinducer	RiPPs	.	
sepi_clade_64_contig_18.region001	contig_18	contig_18, whole genome shotgun sequence	T3PKS	PKSother	.	
sepi_clade_64_contig_27.region001	contig_27	contig_27, whole genome shotgun sequence	NI-siderophore	Others	.	
sepi_clade_64_contig_31.region001	contig_31	contig_31, whole genome shotgun sequence	cyclic-lactone-autoinducer	RiPPs	.	
sepi_clade_64_contig_7.region001	contig_7	contig_7, whole genome shotgun sequence	NRPS	NRPS	.	
sepi_clade_64_contig_7.region002	contig_7	contig_7, whole genome shotgun sequence	opine-like-metallophore	Others	.	
sepi_clade_65_contig_12.region001	contig_12	contig_12, whole genome shotgun sequence	opine-like-metallophore	Others	.	
sepi_clade_65_contig_15.region001	contig_15	contig_15, whole genome shotgun sequence	NRPS	NRPS	.	
sepi_clade_65_contig_27.region001	contig_27	contig_27, whole genome shotgun sequence	T3PKS	PKSother	.	
sepi_clade_65_contig_3.region001	contig_3	contig_3, whole genome shotgun sequence	cyclic-lactone-autoinducer	RiPPs	.	
sepi_clade_65_contig_5.region001	contig_5	contig_5, whole genome shotgun sequence	NI-siderophore	Others	.	
sepi_clade_66_contig_11.region001	contig_11	contig_11, whole genome shotgun sequence	opine-like-metallophore	Others	.	
sepi_clade_66_contig_18.region001	contig_18	contig_18, whole genome shotgun sequence	cyclic-lactone-autoinducer	RiPPs	.	
sepi_clade_66_contig_29.region001	contig_29	contig_29, whole genome shotgun sequence	NI-siderophore	Others	.	
sepi_clade_66_contig_35.region001	contig_35	contig_35, whole genome shotgun sequence	RiPP-like	RiPPs	.	
sepi_clade_66_contig_4.region001	contig_4	contig_4, whole genome shotgun sequence	T3PKS	PKSother	.	
sepi_clade_66_contig_8.region001	contig_8	contig_8, whole genome shotgun sequence	NRPS	NRPS	.	
sepi_clade_67_contig_10.region001	contig_10	contig_10, whole genome shotgun sequence	opine-like-metallophore	Others	.	
sepi_clade_67_contig_10.region002	contig_10	contig_10, whole genome shotgun sequence	NRPS	NRPS	.	
sepi_clade_67_contig_15.region001	contig_15	contig_15, whole genome shotgun sequence	NI-siderophore	Others	.	
sepi_clade_67_contig_17.region001	contig_17	contig_17, whole genome shotgun sequence	T3PKS	PKSother	.	
sepi_clade_67_contig_33.region001	contig_33	contig_33, whole genome shotgun sequence	CDPS	NRPS	.	
sepi_clade_67_contig_4.region001	contig_4	contig_4, whole genome shotgun sequence	cyclic-lactone-autoinducer	RiPPs	.	
sepi_clade_68_contig_16.region001	contig_16	contig_16, whole genome shotgun sequence	NRPS	NRPS	.	
sepi_clade_68_contig_22.region001	contig_22	contig_22, whole genome shotgun sequence	NI-siderophore	Others	.	
sepi_clade_68_contig_26.region001	contig_26	contig_26, whole genome shotgun sequence	cyclic-lactone-autoinducer	RiPPs	.	
sepi_clade_68_contig_27.region001	contig_27	contig_27, whole genome shotgun sequence	T3PKS	PKSother	.	
sepi_clade_68_contig_33.region001	contig_33	contig_33, whole genome shotgun sequence	opine-like-metallophore	Others	.	
sepi_clade_69_contig_17.region001	contig_17	contig_17, whole genome shotgun sequence	T3PKS	PKSother	.	
sepi_clade_69_contig_28.region001	contig_28	contig_28, whole genome shotgun sequence	NI-siderophore	Others	.	
sepi_clade_69_contig_7.region001	contig_7	contig_7, whole genome shotgun sequence	cyclic-lactone-autoinducer	RiPPs	.	
sepi_clade_69_contig_9.region001	contig_9	contig_9, whole genome shotgun sequence	NRPS	NRPS	.	
sepi_clade_69_contig_9.region002	contig_9	contig_9, whole genome shotgun sequence	opine-like-metallophore	Others	.	
sepi_clade_6_contig_15.region001	contig_15	contig_15, whole genome shotgun sequence	cyclic-lactone-autoinducer	RiPPs	.	
sepi_clade_6_contig_2.region001	contig_2	contig_2, whole genome shotgun sequence	T3PKS	PKSother	.	
sepi_clade_6_contig_3.region001	contig_3	contig_3, whole genome shotgun sequence	NRPS	NRPS	.	
sepi_clade_6_contig_3.region002	contig_3	contig_3, whole genome shotgun sequence	opine-like-metallophore	Others	.	
sepi_clade_6_contig_9.region001	contig_9	contig_9, whole genome shotgun sequence	NI-siderophore	Others	.	
sepi_clade_70_contig_10.region001	contig_10	contig_10, whole genome shotgun sequence	opine-like-metallophore	Others	.	
sepi_clade_70_contig_10.region002	contig_10	contig_10, whole genome shotgun sequence	NRPS	NRPS	.	
sepi_clade_70_contig_17.region001	contig_17	contig_17, whole genome shotgun sequence	NI-siderophore	Others	.	
sepi_clade_70_contig_20.region001	contig_20	contig_20, whole genome shotgun sequence	T3PKS	PKSother	.	
sepi_clade_70_contig_26.region001	contig_26	contig_26, whole genome shotgun sequence	cyclic-lactone-autoinducer	RiPPs	.	
sepi_clade_70_contig_41.region001	contig_41	contig_41, whole genome shotgun sequence	RiPP-like	RiPPs	.	
sepi_clade_71_contig_11.region001	contig_11	contig_11, whole genome shotgun sequence	opine-like-metallophore	Others	.	
sepi_clade_71_contig_11.region002	contig_11	contig_11, whole genome shotgun sequence	NRPS	NRPS	.	
sepi_clade_71_contig_15.region001	contig_15	contig_15, whole genome shotgun sequence	NI-siderophore	Others	.	
sepi_clade_71_contig_17.region001	contig_17	contig_17, whole genome shotgun sequence	cyclic-lactone-autoinducer	RiPPs	.	
sepi_clade_71_contig_3.region001	contig_3	contig_3, whole genome shotgun sequence	T3PKS	PKSother	.	
sepi_clade_72_contig_11.region001	contig_11	contig_11, whole genome shotgun sequence	NI-siderophore	Others	.	
sepi_clade_72_contig_15.region001	contig_15	contig_15, whole genome shotgun sequence	opine-like-metallophore	Others	.	
sepi_clade_72_contig_17.region001	contig_17	contig_17, whole genome shotgun sequence	T3PKS	PKSother	.	
sepi_clade_72_contig_19.region001	contig_19	contig_19, whole genome shotgun sequence	NRPS	NRPS	.	
sepi_clade_72_contig_36.region001	contig_36	contig_36, whole genome shotgun sequence	RiPP-like	RiPPs	.	
sepi_clade_72_contig_9.region001	contig_9	contig_9, whole genome shotgun sequence	cyclic-lactone-autoinducer	RiPPs	.	
sepi_clade_73_contig_13.region001	contig_13	contig_13, whole genome shotgun sequence	NI-siderophore	Others	.	
sepi_clade_73_contig_19.region001	contig_19	contig_19, whole genome shotgun sequence	cyclic-lactone-autoinducer	RiPPs	.	
sepi_clade_73_contig_23.region001	contig_23	contig_23, whole genome shotgun sequence	T3PKS	PKSother	.	
sepi_clade_73_contig_7.region001	contig_7	contig_7, whole genome shotgun sequence	opine-like-metallophore	Others	.	
sepi_clade_73_contig_7.region002	contig_7	contig_7, whole genome shotgun sequence	NRPS	NRPS	.	
sepi_clade_77_contig_10.region001	contig_10	contig_10, whole genome shotgun sequence	NRPS	NRPS	.	
sepi_clade_77_contig_10.region002	contig_10	contig_10, whole genome shotgun sequence	opine-like-metallophore	Others	.	
sepi_clade_77_contig_16.region001	contig_16	contig_16, whole genome shotgun sequence	NI-siderophore	Others	.	
sepi_clade_77_contig_18.region001	contig_18	contig_18, whole genome shotgun sequence	T3PKS	PKSother	.	
sepi_clade_77_contig_5.region001	contig_5	contig_5, whole genome shotgun sequence	cyclic-lactone-autoinducer	RiPPs	.	
sepi_clade_7_contig_10.region001	contig_10	contig_10, whole genome shotgun sequence	opine-like-metallophore	Others	.	
sepi_clade_7_contig_10.region002	contig_10	contig_10, whole genome shotgun sequence	NRPS	NRPS	.	
sepi_clade_7_contig_14.region001	contig_14	contig_14, whole genome shotgun sequence	NI-siderophore	Others	.	
sepi_clade_7_contig_21.region001	contig_21	contig_21, whole genome shotgun sequence	T3PKS	PKSother	.	
sepi_clade_7_contig_3.region001	contig_3	contig_3, whole genome shotgun sequence	cyclic-lactone-autoinducer	RiPPs	.	
sepi_clade_83_contig_1.region001	contig_1	contig_1, whole genome shotgun sequence	NI-siderophore	Others	.	
sepi_clade_83_contig_1.region002	contig_1	contig_1, whole genome shotgun sequence	T3PKS	PKSother	.	
sepi_clade_83_contig_21.region001	contig_21	contig_21, whole genome shotgun sequence	terpene	Terpene	.	
sepi_clade_83_contig_7.region001	contig_7	contig_7, whole genome shotgun sequence	cyclic-lactone-autoinducer	RiPPs	.	
sepi_clade_83_contig_8.region001	contig_8	contig_8, whole genome shotgun sequence	opine-like-metallophore	Others	.	
sepi_clade_83_contig_8.region002	contig_8	contig_8, whole genome shotgun sequence	NRPS	NRPS	.	
sepi_clade_86_contig_11.region001	contig_11	contig_11, whole genome shotgun sequence	NRPS	NRPS	.	
sepi_clade_86_contig_11.region002	contig_11	contig_11, whole genome shotgun sequence	opine-like-metallophore	Others	.	
sepi_clade_86_contig_25.region001	contig_25	contig_25, whole genome shotgun sequence	T3PKS	PKSother	.	
sepi_clade_86_contig_29.region001	contig_29	contig_29, whole genome shotgun sequence	cyclic-lactone-autoinducer	RiPPs	.	
sepi_clade_86_contig_9.region001	contig_9	contig_9, whole genome shotgun sequence	NI-siderophore	Others	.	
sepi_clade_8_contig_1.region001	contig_1	contig_1, whole genome shotgun sequence	NI-siderophore	Others	.	
sepi_clade_8_contig_1.region002	contig_1	contig_1, whole genome shotgun sequence	T3PKS	PKSother	.	
sepi_clade_8_contig_7.region001	contig_7	contig_7, whole genome shotgun sequence	opine-like-metallophore	Others	.	
sepi_clade_8_contig_7.region002	contig_7	contig_7, whole genome shotgun sequence	NRPS	NRPS	.	
sepi_clade_8_contig_9.region001	contig_9	contig_9, whole genome shotgun sequence	cyclic-lactone-autoinducer	RiPPs	.	
sepi_clade_92_contig_11.region001	contig_11	contig_11, whole genome shotgun sequence	NI-siderophore	Others	.	
sepi_clade_92_contig_16.region001	contig_16	contig_16, whole genome shotgun sequence	T3PKS	PKSother	.	
sepi_clade_92_contig_24.region001	contig_24	contig_24, whole genome shotgun sequence	cyclic-lactone-autoinducer	RiPPs	.	
sepi_clade_92_contig_47.region001	contig_47	contig_47, whole genome shotgun sequence	RiPP-like	RiPPs	.	
sepi_clade_92_contig_5.region001	contig_5	contig_5, whole genome shotgun sequence	opine-like-metallophore	Others	.	
sepi_clade_92_contig_5.region002	contig_5	contig_5, whole genome shotgun sequence	NRPS	NRPS	.	
sepi_clade_93_contig_22.region001	contig_22	contig_22, whole genome shotgun sequence	T3PKS	PKSother	.	
sepi_clade_93_contig_24.region001	contig_24	contig_24, whole genome shotgun sequence	cyclic-lactone-autoinducer	RiPPs	.	
sepi_clade_93_contig_4.region001	contig_4	contig_4, whole genome shotgun sequence	NI-siderophore	Others	.	
sepi_clade_93_contig_45.region001	contig_45	contig_45, whole genome shotgun sequence	CDPS	NRPS	.	
sepi_clade_93_contig_8.region001	contig_8	contig_8, whole genome shotgun sequence	opine-like-metallophore	Others	.	
sepi_clade_93_contig_8.region002	contig_8	contig_8, whole genome shotgun sequence	NRPS	NRPS	.	
sepi_clade_9_contig_13.region001	contig_13	contig_13, whole genome shotgun sequence	NI-siderophore	Others	.	
sepi_clade_9_contig_18.region001	contig_18	contig_18, whole genome shotgun sequence	T3PKS	PKSother	.	
sepi_clade_9_contig_5.region001	contig_5	contig_5, whole genome shotgun sequence	cyclic-lactone-autoinducer	RiPPs	.	
sepi_clade_9_contig_9.region001	contig_9	contig_9, whole genome shotgun sequence	opine-like-metallophore	Others	.	
sepi_clade_9_contig_9.region002	contig_9	contig_9, whole genome shotgun sequence	NRPS	NRPS	.	
