BGC	Accession ID	Description	Product Prediction	BiG-SCAPE class	Organism	Taxonomy
sepi_clade_10_contig_3.region001	contig_3	contig_3, whole genome shotgun sequence	NRPS	NRPS	.	
sepi_clade_11_contig_9.region001	contig_9	contig_9, whole genome shotgun sequence	NRPS	NRPS	.	
sepi_clade_12_contig_9.region002	contig_9	contig_9, whole genome shotgun sequence	NRPS	NRPS	.	
sepi_clade_13_contig_36.region001	contig_36	contig_36, whole genome shotgun sequence	CDPS	NRPS	.	
sepi_clade_13_contig_6.region001	contig_6	contig_6, whole genome shotgun sequence	NRPS	NRPS	.	
sepi_clade_14_contig_1.region002	contig_1	contig_1, whole genome shotgun sequence	NRPS	NRPS	.	
sepi_clade_14_contig_20.region001	contig_20	contig_20, whole genome shotgun sequence	CDPS	NRPS	.	
sepi_clade_15_contig_12.region001	contig_12	contig_12, whole genome shotgun sequence	NRPS	NRPS	.	
sepi_clade_16_contig_3.region002	contig_3	contig_3, whole genome shotgun sequence	NRPS	NRPS	.	
sepi_clade_17_contig_7.region001	contig_7	contig_7, whole genome shotgun sequence	NRPS	NRPS	.	
sepi_clade_18_contig_9.region002	contig_9	contig_9, whole genome shotgun sequence	NRPS	NRPS	.	
sepi_clade_19_contig_18.region001	contig_18	contig_18, whole genome shotgun sequence	NRPS	NRPS	.	
sepi_clade_1_contig_11.region002	contig_11	contig_11, whole genome shotgun sequence	NRPS	NRPS	.	
sepi_clade_20_contig_3.region001	contig_3	contig_3, whole genome shotgun sequence	NRPS	NRPS	.	
sepi_clade_21_contig_13.region002	contig_13	contig_13, whole genome shotgun sequence	NRPS	NRPS	.	
sepi_clade_22_contig_9.region001	contig_9	contig_9, whole genome shotgun sequence	NRPS	NRPS	.	
sepi_clade_23_contig_13.region001	contig_13	contig_13, whole genome shotgun sequence	NRPS	NRPS	.	
sepi_clade_24_contig_10.region001	contig_10	contig_10, whole genome shotgun sequence	NRPS	NRPS	.	
sepi_clade_25_contig_27.region001	contig_27	contig_27, whole genome shotgun sequence	NRPS	NRPS	.	
sepi_clade_26_contig_38.region001	contig_38	contig_38, whole genome shotgun sequence	NRPS	NRPS	.	
sepi_clade_27_contig_4.region002	contig_4	contig_4, whole genome shotgun sequence	NRPS	NRPS	.	
sepi_clade_28_contig_11.region002	contig_11	contig_11, whole genome shotgun sequence	NRPS	NRPS	.	
sepi_clade_29_contig_12.region001	contig_12	contig_12, whole genome shotgun sequence	NRPS	NRPS	.	
sepi_clade_2_contig_10.region001	contig_10	contig_10, whole genome shotgun sequence	NRPS	NRPS	.	
sepi_clade_30_contig_12.region001	contig_12	contig_12, whole genome shotgun sequence	NRPS	NRPS	.	
sepi_clade_31_contig_6.region001	contig_6	contig_6, whole genome shotgun sequence	NRPS	NRPS	.	
sepi_clade_32_contig_10.region002	contig_10	contig_10, whole genome shotgun sequence	NRPS	NRPS	.	
sepi_clade_33_contig_7.region001	contig_7	contig_7, whole genome shotgun sequence	NRPS	NRPS	.	
sepi_clade_34_contig_13.region001	contig_13	contig_13, whole genome shotgun sequence	NRPS	NRPS	.	
sepi_clade_35_contig_32.region001	contig_32	contig_32, whole genome shotgun sequence	NRPS	NRPS	.	
sepi_clade_36_contig_51.region001	contig_51	contig_51, whole genome shotgun sequence	CDPS	NRPS	.	
sepi_clade_36_contig_7.region001	contig_7	contig_7, whole genome shotgun sequence	NRPS	NRPS	.	
sepi_clade_37_contig_25.region001	contig_25	contig_25, whole genome shotgun sequence	NRPS	NRPS	.	
sepi_clade_38_contig_6.region001	contig_6	contig_6, whole genome shotgun sequence	NRPS	NRPS	.	
sepi_clade_39_contig_12.region001	contig_12	contig_12, whole genome shotgun sequence	NRPS	NRPS	.	
sepi_clade_3_contig_3.region001	contig_3	contig_3, whole genome shotgun sequence	NRPS	NRPS	.	
sepi_clade_40_contig_11.region002	contig_11	contig_11, whole genome shotgun sequence	NRPS	NRPS	.	
sepi_clade_41_contig_6.region001	contig_6	contig_6, whole genome shotgun sequence	NRPS	NRPS	.	
sepi_clade_42_contig_11.region001	contig_11	contig_11, whole genome shotgun sequence	NRPS	NRPS	.	
sepi_clade_43_contig_5.region002	contig_5	contig_5, whole genome shotgun sequence	NRPS	NRPS	.	
sepi_clade_44_contig_11.region001	contig_11	contig_11, whole genome shotgun sequence	NRPS	NRPS	.	
sepi_clade_45_contig_5.region002	contig_5	contig_5, whole genome shotgun sequence	NRPS	NRPS	.	
sepi_clade_46_contig_4.region002	contig_4	contig_4, whole genome shotgun sequence	NRPS	NRPS	.	
sepi_clade_47_contig_25.region001	contig_25	contig_25, whole genome shotgun sequence	NRPS	NRPS	.	
sepi_clade_48_contig_4.region001	contig_4	contig_4, whole genome shotgun sequence	NRPS	NRPS	.	
sepi_clade_49_contig_28.region001	contig_28	contig_28, whole genome shotgun sequence	NRPS	NRPS	.	
sepi_clade_4_contig_16.region001	contig_16	contig_16, whole genome shotgun sequence	NRPS	NRPS	.	
sepi_clade_51_contig_19.region001	contig_19	contig_19, whole genome shotgun sequence	NRPS	NRPS	.	
sepi_clade_51_contig_71.region001	contig_71	contig_71, whole genome shotgun sequence	CDPS	NRPS	.	
sepi_clade_52_contig_9.region001	contig_9	contig_9, whole genome shotgun sequence	NRPS	NRPS	.	
sepi_clade_53_contig_10.region002	contig_10	contig_10, whole genome shotgun sequence	NRPS	NRPS	.	
sepi_clade_54_contig_9.region001	contig_9	contig_9, whole genome shotgun sequence	NRPS	NRPS	.	
sepi_clade_55_contig_9.region001	contig_9	contig_9, whole genome shotgun sequence	NRPS	NRPS	.	
sepi_clade_56_contig_10.region001	contig_10	contig_10, whole genome shotgun sequence	NRPS	NRPS	.	
sepi_clade_57_contig_15.region001	contig_15	contig_15, whole genome shotgun sequence	NRPS	NRPS	.	
sepi_clade_58_contig_8.region001	contig_8	contig_8, whole genome shotgun sequence	NRPS	NRPS	.	
sepi_clade_59_contig_9.region002	contig_9	contig_9, whole genome shotgun sequence	NRPS	NRPS	.	
sepi_clade_5_contig_5.region002	contig_5	contig_5, whole genome shotgun sequence	NRPS	NRPS	.	
sepi_clade_60_contig_27.region001	contig_27	contig_27, whole genome shotgun sequence	NRPS	NRPS	.	
sepi_clade_61_contig_21.region001	contig_21	contig_21, whole genome shotgun sequence	NRPS	NRPS	.	
sepi_clade_62_contig_9.region002	contig_9	contig_9, whole genome shotgun sequence	NRPS	NRPS	.	
sepi_clade_63_contig_11.region001	contig_11	contig_11, whole genome shotgun sequence	NRPS	NRPS	.	
sepi_clade_64_contig_7.region001	contig_7	contig_7, whole genome shotgun sequence	NRPS	NRPS	.	
sepi_clade_65_contig_15.region001	contig_15	contig_15, whole genome shotgun sequence	NRPS	NRPS	.	
sepi_clade_66_contig_8.region001	contig_8	contig_8, whole genome shotgun sequence	NRPS	NRPS	.	
sepi_clade_67_contig_10.region002	contig_10	contig_10, whole genome shotgun sequence	NRPS	NRPS	.	
sepi_clade_67_contig_33.region001	contig_33	contig_33, whole genome shotgun sequence	CDPS	NRPS	.	
sepi_clade_68_contig_16.region001	contig_16	contig_16, whole genome shotgun sequence	NRPS	NRPS	.	
sepi_clade_69_contig_9.region001	contig_9	contig_9, whole genome shotgun sequence	NRPS	NRPS	.	
sepi_clade_6_contig_3.region001	contig_3	contig_3, whole genome shotgun sequence	NRPS	NRPS	.	
sepi_clade_70_contig_10.region002	contig_10	contig_10, whole genome shotgun sequence	NRPS	NRPS	.	
sepi_clade_71_contig_11.region002	contig_11	contig_11, whole genome shotgun sequence	NRPS	NRPS	.	
sepi_clade_72_contig_19.region001	contig_19	contig_19, whole genome shotgun sequence	NRPS	NRPS	.	
sepi_clade_73_contig_7.region002	contig_7	contig_7, whole genome shotgun sequence	NRPS	NRPS	.	
sepi_clade_77_contig_10.region001	contig_10	contig_10, whole genome shotgun sequence	NRPS	NRPS	.	
sepi_clade_7_contig_10.region002	contig_10	contig_10, whole genome shotgun sequence	NRPS	NRPS	.	
sepi_clade_83_contig_8.region002	contig_8	contig_8, whole genome shotgun sequence	NRPS	NRPS	.	
sepi_clade_86_contig_11.region001	contig_11	contig_11, whole genome shotgun sequence	NRPS	NRPS	.	
sepi_clade_8_contig_7.region002	contig_7	contig_7, whole genome shotgun sequence	NRPS	NRPS	.	
sepi_clade_92_contig_5.region002	contig_5	contig_5, whole genome shotgun sequence	NRPS	NRPS	.	
sepi_clade_93_contig_45.region001	contig_45	contig_45, whole genome shotgun sequence	CDPS	NRPS	.	
sepi_clade_93_contig_8.region002	contig_8	contig_8, whole genome shotgun sequence	NRPS	NRPS	.	
sepi_clade_9_contig_9.region002	contig_9	contig_9, whole genome shotgun sequence	NRPS	NRPS	.	
