Sample Name,KitNumber,Total reads,Duplicate Reads,Kept reads,Percent Kept,,SAMPLE_NAME,TUBE,PLATE,WELL,LOCATION,SID,TP,KIT
KIT_100C_MG2_A10,,576,48,528,0.916666667,TRUE,KIT_100C_MG2_A10,100,2,A10,C,7AB,3,KIT_100
KIT_100C_MG5_A6,,1344,452,892,0.663690476,TRUE,KIT_100C_MG5_A6,100,5,A6,C,7AB,3,KIT_100
KIT_100F_MG2_D10,,2792,170,2622,0.939111748,TRUE,KIT_100F_MG2_D10,100,2,D10,F,7AB,3,KIT_100
KIT_100F_MG5_D6,,230012,202570,27442,0.119306819,TRUE,KIT_100F_MG5_D6,100,5,D6,F,7AB,3,KIT_100
KIT_100K_MG2_B10,,2626,182,2444,0.930693069,TRUE,KIT_100K_MG2_B10,100,2,B10,K,7AB,3,KIT_100
KIT_100K_MG5_B6,,178936,157414,21522,0.120277641,TRUE,KIT_100K_MG5_B6,100,5,B6,K,7AB,3,KIT_100
KIT_100N_MG2_C10,,2406,136,2270,0.943474647,TRUE,KIT_100N_MG2_C10,100,2,C10,N,7AB,3,KIT_100
KIT_100N_MG5_C6,,270374,233130,37244,0.137749932,TRUE,KIT_100N_MG5_C6,100,5,C6,N,7AB,3,KIT_100
KIT_10F_MG6_D5,,73952,61472,12480,0.168758113,TRUE,KIT_10F_MG6_D5,10,6,D5,F,15AA,1,KIT_10
KIT_10K_MG6_B5,,902026,879900,22126,0.024529226,TRUE,KIT_10K_MG6_B5,10,6,B5,K,15AA,1,KIT_10
KIT_10N_MG6_C5,,30880,21884,8996,0.291321244,TRUE,KIT_10N_MG6_C5,10,6,C5,N,15AA,1,KIT_10
KIT_12C_MG1_E4,,1450,186,1264,0.871724138,TRUE,KIT_12C_MG1_E4,50,1,E4,C,2AB,1,KIT_12
KIT_12C_MG7_A2,,593480,580686,12794,0.021557593,TRUE,KIT_12C_MG7_A2,12,7,A2,C,13AA,1,KIT_12
KIT_12F_MG1_H4,,4704,630,4074,0.866071429,TRUE,KIT_12F_MG1_H4,50,1,H4,F,2AB,1,KIT_12
KIT_12K_MG1_F4,,2390,292,2098,0.877824268,TRUE,KIT_12K_MG1_F4,50,1,F4,K,2AB,1,KIT_12
KIT_12K_MG7_B2,,361056,345462,15594,0.043189976,TRUE,KIT_12K_MG7_B2,12,7,B2,K,13AA,1,KIT_12
KIT_12N_MG1_G4,,2682,194,2488,0.927665921,TRUE,KIT_12N_MG1_G4,50,1,G4,N,2AB,1,KIT_12
KIT_12N_MG7_C2,,1067192,1023948,43244,0.040521293,TRUE,KIT_12N_MG7_C2,12,7,C2,N,13AA,1,KIT_12
KIT_17C_MG2_A3,,70122,6468,63654,0.90776076,TRUE,KIT_17C_MG2_A3,17,2,A3,C,6PA,1,KIT_17
KIT_17F_MG2_D3,,2540,168,2372,0.933858268,TRUE,KIT_17F_MG2_D3,17,2,D3,F,6PA,1,KIT_17
KIT_17K_MG2_B3,,3570,244,3326,0.931652661,TRUE,KIT_17K_MG2_B3,17,2,B3,K,6PA,1,KIT_17
KIT_17N_MG2_C3,,12220,752,11468,0.938461538,TRUE,KIT_17N_MG2_C3,17,2,C3,N,6PA,1,KIT_17
KIT_18C_MG6_E6,,1534602,1486796,47806,0.031152051,TRUE,KIT_18C_MG6_E6,18,6,E6,C,19PA,1,KIT_18
KIT_18F_MG6_H6,,10698946,10473714,225232,0.021051793,TRUE,KIT_18F_MG6_H6,18,6,H6,F,19PA,1,KIT_18
KIT_18K_MG6_F6,,6917316,6861522,55794,0.008065845,TRUE,KIT_18K_MG6_F6,18,6,F6,K,19PA,1,KIT_18
KIT_18N_MG6_G6,,5772586,5581402,191184,0.033119299,TRUE,KIT_18N_MG6_G6,18,6,G6,N,19PA,1,KIT_18
KIT_19F_MG6_D10,,88682,78812,9870,0.111296543,TRUE,KIT_19F_MG6_D10,19,6,D10,F,25UU,1,KIT_19
KIT_19K_MG6_B10,,396730,358420,38310,0.096564414,TRUE,KIT_19K_MG6_B10,19,6,B10,K,25UU,1,KIT_19
KIT_19N_MG6_C10,,159604,122022,37582,0.235470289,TRUE,KIT_19N_MG6_C10,19,6,C10,N,25UU,1,KIT_19
KIT_1C_MG1_E2,,179728,21680,158048,0.879373275,TRUE,KIT_1C_MG1_E2,1,1,E2,C,5PA,1,KIT_1
KIT_1F_MG1_H2,,1044094,131938,912156,0.873633983,TRUE,KIT_1F_MG1_H2,1,1,H2,F,5PA,1,KIT_1
KIT_1K_MG1_F2,,316020,40098,275922,0.873115626,TRUE,KIT_1K_MG1_F2,1,1,F2,K,5PA,1,KIT_1
KIT_1N_MG1_G2,,418696,29750,388946,0.928946061,TRUE,KIT_1N_MG1_G2,1,1,G2,N,5PA,1,KIT_1
KIT_210A_MG6_H3,,1650406,1646594,3812,0.002309735,TRUE,KIT_210A_MG6_H3,210,6,H3,A,1PA,5,KIT_210
KIT_210C_MG6_E,,9604944,6831052,2773892,0.288798352,FALSE,KIT_210C_MG6_E1,210,6,E1,C,1PA,5,KIT_210
KIT_210F_MG6_H,,2260942,1356430,904512,0.400059798,FALSE,KIT_210F_MG6_H1,210,6,H1,F,1PA,5,KIT_210
KIT_210K_MG6_F,,3636908,3252476,384432,0.105702976,FALSE,KIT_210K_MG6_F1,210,6,F1,K,1PA,5,KIT_210
KIT_210N_MG6_G,,10746976,8418578,2328398,0.216656109,FALSE,KIT_210N_MG6_G1,210,6,G1,N,1PA,5,KIT_210
KIT_211C_MG7_E12,,8,0,8,1,TRUE,KIT_211C_MG7_E12,211,7,E12,C,NA,2,KIT_211
KIT_211F_MG7_H12,,3842010,2812432,1029578,0.267979001,TRUE,KIT_211F_MG7_H12,211,7,H12,F,NA,2,KIT_211
KIT_211K_MG7_F12,,0,0,0,0,TRUE,KIT_211K_MG7_F12,211,7,F12,K,NA,2,KIT_211
KIT_211N_MG7_G12,,7472704,6216988,1255716,0.168040377,TRUE,KIT_211N_MG7_G12,211,7,G12,N,NA,2,KIT_211
KIT_212C_MG7_A5,,264282,233822,30460,0.115255674,TRUE,KIT_212C_MG7_A5,212,7,A5,C,15AB,4,KIT_212
KIT_212K_MG7_B5,,294722,281158,13564,0.046023032,TRUE,KIT_212K_MG7_B5,212,7,B5,K,15AB,4,KIT_212
KIT_212N_MG7_C5,,207122,186610,20512,0.09903342,TRUE,KIT_212N_MG7_C5,212,7,C5,N,15AB,4,KIT_212
KIT_213C_MG3_A,,3807852,548012,3259840,0.856083692,FALSE,KIT_213C_MG3_A1,213,3,A1,C,7PB,4,KIT_213
KIT_213F_MG3_D,,2215094,396450,1818644,0.821023397,FALSE,KIT_213F_MG3_D1,213,3,D1,F,7PB,4,KIT_213
KIT_213K_MG3_B,,7526146,1985694,5540452,0.736160579,FALSE,KIT_213K_MG3_B1,213,3,B1,K,7PB,4,KIT_213
KIT_213N_MG3,,1538864,687858,851006,0.553009233,FALSE,KIT_213N_MG3_C1,213,3,C1,N,7PB,4,KIT_213
KIT_214C_MG7_E9,,0,0,0,0,TRUE,KIT_214C_MG7_E9,214,7,E9,C,11AA,4,KIT_214
KIT_214F_MG7_H9,,827974,781238,46736,0.056446217,TRUE,KIT_214F_MG7_H9,214,7,H9,F,11AA,4,KIT_214
KIT_214K_MG7_F9,,0,0,0,0,TRUE,KIT_214K_MG7_F9,214,7,F9,K,11AA,4,KIT_214
KIT_214N_MG7_G9,,1148686,1130392,18294,0.015926023,TRUE,KIT_214N_MG7_G9,214,7,G9,N,11AA,4,KIT_214
KIT_216A_MG6_D2,,2914214,2734298,179916,0.061737402,TRUE,KIT_216A_MG6_D2,216,6,D2,A,2AA,5,KIT_216
KIT_216C_MG6_E2,,2444736,1818270,626466,0.256250982,TRUE,KIT_216C_MG6_E2,216,6,E2,C,2AA,5,KIT_216
KIT_216F_MG6_H2,,2111318,1848302,263016,0.124574318,TRUE,KIT_216F_MG6_H2,216,6,H2,F,2AA,5,KIT_216
KIT_216K_MG6_F2,,2695238,2541510,153728,0.057036892,TRUE,KIT_216K_MG6_F2,216,6,F2,K,2AA,5,KIT_216
KIT_216N_MG6_G2,,5129344,4233242,896102,0.174701092,TRUE,KIT_216N_MG6_G2,216,6,G2,N,2AA,5,KIT_216
KIT_218C_MG3_E6,,2373212,462440,1910772,0.805141724,TRUE,KIT_218C_MG3_E6,218,3,E6,C,1AA,4,KIT_218
KIT_218F_MG3_H6,,562918,138742,424176,0.75353071,TRUE,KIT_218F_MG3_H6,218,3,H6,F,1AA,4,KIT_218
KIT_218K_MG3_F6,,2301072,1069282,1231790,0.535311368,TRUE,KIT_218K_MG3_F6,218,3,F6,K,1AA,4,KIT_218
KIT_218N_MG3_G6,,563484,251366,312118,0.553907476,TRUE,KIT_218N_MG3_G6,218,3,G6,N,1AA,4,KIT_218
KIT_21C_MG4_G12,,171602,159986,11616,0.067691519,TRUE,KIT_21C_MG4_G12,21,4,G12,C,8AC,1,KIT_21
KIT_21F_MG2_H5,,2326,144,2182,0.938091144,TRUE,KIT_21F_MG2_H5,21,2,H5,F,8AC,1,KIT_21
KIT_21F_MG4_B2,,500992,483488,17504,0.034938682,TRUE,KIT_21F_MG4_B2,21,4,B2,F,8AC,1,KIT_21
KIT_21K_MG2_F5,,2340,146,2194,0.937606838,TRUE,KIT_21K_MG2_F5,21,2,F5,K,8AC,1,KIT_21
KIT_21K_MG4_H12,,26480,20076,6404,0.2418429,TRUE,KIT_21K_MG4_H12,21,4,H12,K,8AC,1,KIT_21
KIT_21MC_MG2_E5,,1642,118,1524,0.928136419,TRUE,KIT_21MC_MG2_E5,21,2,E5,C,8AC,1,KIT_21M
KIT_21N_MG2_G5,,4050,282,3768,0.93037037,TRUE,KIT_21N_MG2_G5,21,2,G5,N,8AC,1,KIT_21
KIT_21N_MG4_A2,,942466,883166,59300,0.062920042,TRUE,KIT_21N_MG4_A2,21,4,A2,N,8AC,1,KIT_21
KIT_221A_MG4_D,,3188096,3111338,76758,0.024076439,FALSE,KIT_221A_MG4_D1,221,4,D1,A,8AB,5,KIT_221
KIT_221C_MG4_E,,10950538,9555354,1395184,0.127407804,FALSE,KIT_221C_MG4_E1,221,4,E1,C,8AB,5,KIT_221
KIT_221F_MG4_H,,5597390,3938508,1658882,0.296367057,FALSE,KIT_221F_MG4_H1,221,4,H1,F,8AB,5,KIT_221
KIT_221K_MG4_F,,3206,460,2746,0.856519027,FALSE,KIT_221K_MG4_F1,221,4,F1,K,8AB,5,KIT_221
KIT_221N_MG4_G,,5159910,4829792,330118,0.063977472,FALSE,KIT_221N_MG4_G1,221,4,G1,N,8AB,5,KIT_221
KIT_222A_MG5_G8,,3580244,3517384,62860,0.017557463,TRUE,KIT_222A_MG5_G8,222,5,G8,A,7PA,5,KIT_222
KIT_222C_MG5_H8,,6513326,6275604,237722,0.036497789,TRUE,KIT_222C_MG5_H8,222,5,H8,C,7PA,5,KIT_222
KIT_222F_MG5_C7,,196,30,166,0.846938776,TRUE,KIT_222F_MG5_C7,222,5,C7,F,7PA,5,KIT_222
KIT_222K_MG5_A7,,1082440,1081026,1414,0.001306308,TRUE,KIT_222K_MG5_A7,222,5,A7,K,7PA,5,KIT_222
KIT_222N_MG5_B7,,1047984,693642,354342,0.338117758,TRUE,KIT_222N_MG5_B7,222,5,B7,N,7PA,5,KIT_222
KIT_225A_MG6_B2,,5386956,4629324,757632,0.140641951,TRUE,KIT_225A_MG6_B2,225,6,B2,A,1AA,5,KIT_225
KIT_225C_MG5_A12,,0,0,0,0,TRUE,KIT_225C_MG5_A12,225,5,A12,C,1AA,5,KIT_225
KIT_225F_MG5_D12,,7308674,7052014,256660,0.035117177,TRUE,KIT_225F_MG5_D12,225,5,D12,F,1AA,5,KIT_225
KIT_225K_MG5_B12,,0,0,0,0,TRUE,KIT_225K_MG5_B12,225,5,B12,K,1AA,5,KIT_225
KIT_225N_MG5_C12,,7826,800,7026,0.897776642,TRUE,KIT_225N_MG5_C12,225,5,C12,N,1AA,5,KIT_225
KIT_227C_MG7_A4,,108278,88348,19930,0.184063245,TRUE,KIT_227C_MG7_A4,227,7,A4,C,11PA,4,KIT_227
KIT_227K_MG7_B4,,127188,118578,8610,0.067695066,TRUE,KIT_227K_MG7_B4,227,7,B4,K,11PA,4,KIT_227
KIT_227N_MG7_C4,,205818,189172,16646,0.08087728,TRUE,KIT_227N_MG7_C4,227,7,C4,N,11PA,4,KIT_227
KIT_228C_MG3_E8,,2394822,377206,2017616,0.842491008,TRUE,KIT_228C_MG3_E8,228,3,E8,C,8AB,4,KIT_228
KIT_228K_MG3_F8,,2598264,690956,1907308,0.734070133,TRUE,KIT_228K_MG3_F8,228,3,F8,K,8AB,4,KIT_228
KIT_228MC_MG2_A7,,540294,36494,503800,0.932455293,TRUE,KIT_228MC_MG2_A7,228,2,A7,C,8AB,4,KIT_228M
KIT_228MK_MG2_B7,,619080,44562,574518,0.928018996,TRUE,KIT_228MK_MG2_B7,228,2,B7,K,8AB,4,KIT_228M
KIT_229C_MG7_E8,,2,0,2,1,TRUE,KIT_229C_MG7_E8,229,7,E8,C,15PA,4,KIT_229
KIT_229F_MG7_H8,,11093742,9210156,1883586,0.169788156,TRUE,KIT_229F_MG7_H8,229,7,H8,F,15PA,4,KIT_229
KIT_229K_MG7_F8,,0,0,0,0,TRUE,KIT_229K_MG7_F8,229,7,F8,K,15PA,4,KIT_229
KIT_229N_MG7_G8,,8782036,6512446,2269590,0.258435515,TRUE,KIT_229N_MG7_G8,229,7,G8,N,15PA,4,KIT_229
KIT_22C_MG6_E9,,54188,37820,16368,0.302059497,TRUE,KIT_22C_MG6_E9,22,6,E9,C,24UU,1,KIT_22
KIT_22F_MG6_H9,,333834,315976,17858,0.053493653,TRUE,KIT_22F_MG6_H9,22,6,H9,F,24UU,1,KIT_22
KIT_22K_MG6_F9,,64088,50984,13104,0.204468855,TRUE,KIT_22K_MG6_F9,22,6,F9,K,24UU,1,KIT_22
KIT_22N_MG6_G9,,81332,64184,17148,0.210839522,TRUE,KIT_22N_MG6_G9,22,6,G9,N,24UU,1,KIT_22
KIT_233C_MG3_E5,,187344,85280,102064,0.544794602,TRUE,KIT_233C_MG3_E5,233,3,E5,C,7AA,4,KIT_233
KIT_233F_MG3_H5,,89950,53212,36738,0.408426904,TRUE,KIT_233F_MG3_H5,233,3,H5,F,7AA,4,KIT_233
KIT_233K_MG3_F5,,61996,31070,30926,0.498838635,TRUE,KIT_233K_MG3_F5,233,3,F5,K,7AA,4,KIT_233
KIT_233N_MG3_G5,,516558,206692,309866,0.599866811,TRUE,KIT_233N_MG3_G5,233,3,G5,N,7AA,4,KIT_233
KIT_235C_MG6_E4,,524586,481894,42692,0.081382271,TRUE,KIT_235C_MG6_E4,235,6,E4,C,13AA,4,KIT_235
KIT_235F_MG6_H4,,575726,525972,49754,0.086419582,TRUE,KIT_235F_MG6_H4,235,6,H4,F,13AA,4,KIT_235
KIT_235K_MG6_F4,,1197058,1158992,38066,0.031799629,TRUE,KIT_235K_MG6_F4,235,6,F4,K,13AA,4,KIT_235
KIT_235N_MG6_G4,,191888,168320,23568,0.122821646,TRUE,KIT_235N_MG6_G4,235,6,G4,N,13AA,4,KIT_235
KIT_236C_MG1_A,,137856,16934,120922,0.877161676,FALSE,KIT_236C_MG1_A11,236,1,A11,C,1PA,4,KIT_236
KIT_236F_MG1_D,,237792,24400,213392,0.897389315,FALSE,KIT_236F_MG1_D11,236,1,D11,F,1PA,4,KIT_236
KIT_236K_MG1_B,,93932,12980,80952,0.86181493,FALSE,KIT_236K_MG1_B11,236,1,B11,K,1PA,4,KIT_236
KIT_236N_MG,,1483192,194774,1288418,0.868679173,FALSE,KIT_236N_MG1_C11,236,1,C11,N,1PA,4,KIT_236
KIT_237C_MG3_A5,,1069346,392728,676618,0.632740011,TRUE,KIT_237C_MG3_A5,237,3,A5,C,8AC,4,KIT_237
KIT_237F_MG3_D5,,107162,20236,86926,0.811164405,TRUE,KIT_237F_MG3_D5,237,3,D5,F,8AC,4,KIT_237
KIT_237K_MG3_B5,,63142,18876,44266,0.701054765,TRUE,KIT_237K_MG3_B5,237,3,B5,K,8AC,4,KIT_237
KIT_237N_MG3_C5,,76772,20496,56276,0.733027666,TRUE,KIT_237N_MG3_C5,237,3,C5,N,8AC,4,KIT_237
KIT_238C_MG7_E7,,0,0,0,0,TRUE,KIT_238C_MG7_E7,238,7,E7,C,13PA,4,KIT_238
KIT_238F_MG7_H7,,2259960,2130822,129138,0.057141719,TRUE,KIT_238F_MG7_H7,238,7,H7,F,13PA,4,KIT_238
KIT_238K_MG7_F7,,0,0,0,0,TRUE,KIT_238K_MG7_F7,238,7,F7,K,13PA,4,KIT_238
KIT_238N_MG7_G7,,2022918,1872384,150534,0.074414287,TRUE,KIT_238N_MG7_G7,238,7,G7,N,13PA,4,KIT_238
KIT_239C_MG7_A12,,6650,6384,266,0.04,TRUE,KIT_239C_MG7_A12,239,7,A12,C,0CC,4,KIT_239
KIT_239K_MG7_B12,,811358,766222,45136,0.05563019,TRUE,KIT_239K_MG7_B12,239,7,B12,K,0CC,4,KIT_239
KIT_239N_MG7_C12,,251518,227608,23910,0.095062779,TRUE,KIT_239N_MG7_C12,239,7,C12,N,0CC,4,KIT_239
KIT_23C_MG7_E5,,0,0,0,0,TRUE,KIT_23C_MG7_E5,23,7,E5,C,9AA,3,KIT_23
KIT_23F_MG7_H5,,1767044,1720474,46570,0.026354748,TRUE,KIT_23F_MG7_H5,23,7,H5,F,9AA,3,KIT_23
KIT_23K_MG7_F5,,0,0,0,0,TRUE,KIT_23K_MG7_F5,23,7,F5,K,9AA,3,KIT_23
KIT_23N_MG7_G5,,8331504,6459042,1872462,0.224744776,TRUE,KIT_23N_MG7_G5,23,7,G5,N,9AA,3,KIT_23
KIT_240C_MG2_A6,,1908,138,1770,0.927672956,TRUE,KIT_240C_MG2_A6,240,2,A6,C,8AA,3,KIT_240
KIT_240C_MG4_E4,,144332,108346,35986,0.249327938,TRUE,KIT_240C_MG4_E4,240,4,E4,C,8AA,3,KIT_240
KIT_240F_MG2_D6,,7272,538,6734,0.926017602,TRUE,KIT_240F_MG2_D6,240,2,D6,F,8AA,3,KIT_240
KIT_240F_MG4_H4,,322082,285714,36368,0.112915345,TRUE,KIT_240F_MG4_H4,240,4,H4,F,8AA,3,KIT_240
KIT_240K_MG2_B6,,3938,344,3594,0.912646013,TRUE,KIT_240K_MG2_B6,240,2,B6,K,8AA,3,KIT_240
KIT_240K_MG4_F4,,92112,86148,5964,0.064747264,TRUE,KIT_240K_MG4_F4,240,4,F4,K,8AA,3,KIT_240
KIT_240N_MG2_C6,,56,0,56,1,TRUE,KIT_240N_MG2_C6,240,2,C6,N,8AA,3,KIT_240
KIT_240N_MG4_G4,,17378,11058,6320,0.363678214,TRUE,KIT_240N_MG4_G4,240,4,G4,N,8AA,3,KIT_240
KIT_244C_MG1_E,,5264,638,4626,0.878799392,FALSE,KIT_244C_MG1_E11,244,1,E11,C,7AB,4,KIT_244
KIT_244C_MG4_E7,,26,0,26,1,TRUE,KIT_244C_MG4_E7,244,4,E7,C,7AB,4,KIT_244
KIT_244F_MG1_H,,2186,316,1870,0.855443733,FALSE,KIT_244F_MG1_H11,244,1,H11,F,7AB,4,KIT_244
KIT_244F_MG4_H7,,105870,99438,6432,0.060753755,TRUE,KIT_244F_MG4_H7,244,4,H7,F,7AB,4,KIT_244
KIT_244K_MG1_F,,4450,542,3908,0.878202247,FALSE,KIT_244K_MG1_F11,244,1,F11,K,7AB,4,KIT_244
KIT_244K_MG4_F7,,69104,61160,7944,0.114957166,TRUE,KIT_244K_MG4_F7,244,4,F7,K,7AB,4,KIT_244
KIT_244N_MG1_G,,3502,410,3092,0.882924043,FALSE,KIT_244N_MG1_G11,244,1,G11,N,7AB,4,KIT_244
KIT_244N_MG4_G7,,12966,10978,1988,0.153324078,TRUE,KIT_244N_MG4_G7,244,4,G7,N,7AB,4,KIT_244
KIT_246C_MG3_E,,13010,4986,8024,0.616756341,FALSE,KIT_246C_MG3_E1,246,3,E1,C,8AA,4,KIT_246
KIT_246C_MG4_A5,,105492,101092,4400,0.041709324,TRUE,KIT_246C_MG4_A5,246,4,A5,C,8AA,4,KIT_246
KIT_246F_MG3_H,,3564,1052,2512,0.704826038,FALSE,KIT_246F_MG3_H1,246,3,H1,F,8AA,4,KIT_246
KIT_246F_MG4_D5,,7518,4696,2822,0.375365789,TRUE,KIT_246F_MG4_D5,246,4,D5,F,8AA,4,KIT_246
KIT_246K_MG3_F,,29468,9988,19480,0.661056061,FALSE,KIT_246K_MG3_F1,246,3,F1,K,8AA,4,KIT_246
KIT_246K_MG4_B5,,12,4,8,0.666666667,TRUE,KIT_246K_MG4_B5,246,4,B5,K,8AA,4,KIT_246
KIT_246N_MG3_G,,7940,2800,5140,0.647355164,FALSE,KIT_246N_MG3_G1,246,3,G1,N,8AA,4,KIT_246
KIT_246N_MG4_C5,,20194,16400,3794,0.187877587,TRUE,KIT_246N_MG4_C5,246,4,C5,N,8AA,4,KIT_246
KIT_247C_MG3_E2,,3500624,1195538,2305086,0.658478603,TRUE,KIT_247C_MG3_E2,247,3,E2,C,8AB,3,KIT_247
KIT_247F_MG3_H2,,285942,79282,206660,0.722733981,TRUE,KIT_247F_MG3_H2,247,3,H2,F,8AB,3,KIT_247
KIT_247K_MG3_F2,,859130,345714,513416,0.597599898,TRUE,KIT_247K_MG3_F2,247,3,F2,K,8AB,3,KIT_247
KIT_247N_MG3_G2,,452084,14394,437690,0.968160784,TRUE,KIT_247N_MG3_G2,247,3,G2,N,8AB,3,KIT_247
KIT_248C_MG3_A7,,3388676,1301122,2087554,0.61603824,TRUE,KIT_248C_MG3_A7,248,3,A7,C,8PB,4,KIT_248
KIT_248F_MG3_H8,,687774,325876,361898,0.526187381,TRUE,KIT_248F_MG3_H8,248,3,H8,F,8PB,4,KIT_248
KIT_248K_MG3_B7,,2273074,1009192,1263882,0.556023253,TRUE,KIT_248K_MG3_B7,248,3,B7,K,8PB,4,KIT_248
KIT_248N_MG3_G8,,229060,82992,146068,0.637684449,TRUE,KIT_248N_MG3_G8,248,3,G8,N,8PB,4,KIT_248
KIT_249C_MG2_E6,,214562,14874,199688,0.93067738,TRUE,KIT_249C_MG2_E6,249,2,E6,C,8PA,3,KIT_249
KIT_249F_MG2_H6,,349500,26624,322876,0.923822604,TRUE,KIT_249F_MG2_H6,249,2,H6,F,8PA,3,KIT_249
KIT_249K_MG2_F6,,22682,1504,21178,0.933691914,TRUE,KIT_249K_MG2_F6,249,2,F6,K,8PA,3,KIT_249
KIT_249N_MG2_G6,,103788,6930,96858,0.933229275,TRUE,KIT_249N_MG2_G6,249,2,G6,N,8PA,3,KIT_249
KIT_24C_MG5_A5,,321194,308514,12680,0.039477699,TRUE,KIT_24C_MG5_A5,24,5,A5,C,4AA,1,KIT_24
KIT_24CN_MG3_G7,,2958,1060,1898,0.641649763,TRUE,KIT_24CN_MG3_G7,24,3,G7,C,4AA,1,KIT_24C
KIT_24F_MG1_H,,45082,5688,39394,0.87382991,FALSE,KIT_24F_MG1_H1,24,1,H1,F,4AA,1,KIT_24
KIT_24F_MG5_D5,,239612,210028,29584,0.12346627,TRUE,KIT_24F_MG5_D5,24,5,D5,F,4AA,1,KIT_24
KIT_24K_MG5_B5,,358508,322736,35772,0.0997802,TRUE,KIT_24K_MG5_B5,24,5,B5,K,4AA,1,KIT_24
KIT_24KF_MG3_H7,,2486,1056,1430,0.575221239,TRUE,KIT_24KF_MG3_H7,24,3,H7,K,4AA,1,KIT_24K
KIT_24N_MG1_G,,36952,3690,33262,0.900140723,FALSE,KIT_24N_MG1_G1,24,1,G1,N,4AA,1,KIT_24
KIT_24N_MG5_C5,,115402,105098,10304,0.089287881,TRUE,KIT_24N_MG5_C5,24,5,C5,N,4AA,1,KIT_24
KIT_250C_MG2_A5,,323152,25286,297866,0.921751993,TRUE,KIT_250C_MG2_A5,250,2,A5,C,8PB,3,KIT_250
KIT_250F_MG2_D5,,362588,25034,337554,0.93095745,TRUE,KIT_250F_MG2_D5,250,2,D5,F,8PB,3,KIT_250
KIT_250K_MG2_B5,,106238,7296,98942,0.931324008,TRUE,KIT_250K_MG2_B5,250,2,B5,K,8PB,3,KIT_250
KIT_250N_MG2_C5,,242494,14532,227962,0.940072744,TRUE,KIT_250N_MG2_C5,250,2,C5,N,8PB,3,KIT_250
KIT_253C_MG7_A3,,5682530,5540888,141642,0.024925869,TRUE,KIT_253C_MG7_A3,253,7,A3,C,19AA,3,KIT_253
KIT_253K_MG7_B3,,6056308,5726972,329336,0.054379005,TRUE,KIT_253K_MG7_B3,253,7,B3,K,19AA,3,KIT_253
KIT_253N_MG7_C3,,14743936,13131274,1612662,0.109377984,TRUE,KIT_253N_MG7_C3,253,7,C3,N,19AA,3,KIT_253
KIT_254C_MG3_E3,,1429452,576036,853416,0.597023195,TRUE,KIT_254C_MG3_E3,254,3,E3,C,1PB,3,KIT_254
KIT_254F_MG3_H3,,175980,87180,88800,0.504602796,TRUE,KIT_254F_MG3_H3,254,3,H3,F,1PB,3,KIT_254
KIT_254K_MG3_F3,,1213520,549372,664148,0.547290527,TRUE,KIT_254K_MG3_F3,254,3,F3,K,1PB,3,KIT_254
KIT_254N_MG3_G3,,990830,397654,593176,0.598665765,TRUE,KIT_254N_MG3_G3,254,3,G3,N,1PB,3,KIT_254
KIT_256C_MG5_F9,,30768260,22576612,8191648,0.26623696,TRUE,KIT_256C_MG5_F9,256,5,F9,C,15PA,5,KIT_256
KIT_256F_MG5_A8,,6850636,6791492,59144,0.008633359,TRUE,KIT_256F_MG5_A8,256,5,A8,F,15PA,5,KIT_256
KIT_256K_MG5_G9,,28692114,26546568,2145546,0.074778247,TRUE,KIT_256K_MG5_G9,256,5,G9,K,15PA,5,KIT_256
KIT_256N_MG5_H9,,47396264,43896284,3499980,0.073845061,TRUE,KIT_256N_MG5_H9,256,5,H9,N,15PA,5,KIT_256
KIT_25F_MG6_D,,0,0,0,0,FALSE,KIT_25F_MG6_D11,25,6,D11,F,11PA,1,KIT_25
KIT_25K_MG6_B,,67606,57260,10346,0.153033754,FALSE,KIT_25K_MG6_B11,25,6,B11,K,11PA,1,KIT_25
KIT_25N_MG6,,0,0,0,0,FALSE,KIT_25N_MG6_C11,25,6,C11,N,11PA,1,KIT_25
KIT_261A_MG5_E12,,4206852,4145742,61110,0.014526301,TRUE,KIT_261A_MG5_E12,261,5,E12,A,7AA,5,KIT_261
KIT_261C_MG5_F12,,115546,99538,16008,0.138542226,TRUE,KIT_261C_MG5_F12,261,5,F12,C,7AA,5,KIT_261
KIT_261F_MG5_A,,6911062,6374536,536526,0.077632931,FALSE,KIT_261F_MG5_A11,261,5,A11,F,7AA,5,KIT_261
KIT_261K_MG5_G12,,2857598,2821108,36490,0.012769466,TRUE,KIT_261K_MG5_G12,261,5,G12,K,7AA,5,KIT_261
KIT_261N_MG5_H12,,16588842,14724442,1864400,0.112388797,TRUE,KIT_261N_MG5_H12,261,5,H12,N,7AA,5,KIT_261
KIT_26F_MG6_D6,,336480,317966,18514,0.055022587,TRUE,KIT_26F_MG6_D6,26,6,D6,F,17AB,1,KIT_26
KIT_26K_MG6_B6,,64966,55184,9782,0.150571068,TRUE,KIT_26K_MG6_B6,26,6,B6,K,17AB,1,KIT_26
KIT_26N_MG6_C6,,188306,136116,52190,0.277155269,TRUE,KIT_26N_MG6_C6,26,6,C6,N,17AB,1,KIT_26
KIT_27C_MG6_E10,,39056,33858,5198,0.133090946,TRUE,KIT_27C_MG6_E10,27,6,E10,C,21AA,1,KIT_27
KIT_27F_MG6_H10,,44,2,42,0.954545455,TRUE,KIT_27F_MG6_H10,27,6,H10,F,21AA,1,KIT_27
KIT_27K_MG6_F10,,693412,645026,48386,0.069779583,TRUE,KIT_27K_MG6_F10,27,6,F10,K,21AA,1,KIT_27
KIT_27N_MG6_G10,,186442,170846,15596,0.08365068,TRUE,KIT_27N_MG6_G10,27,6,G10,N,21AA,1,KIT_27
KIT_2C_MG6_E,,0,0,0,0,FALSE,KIT_2C_MG6_E11,2,6,E11,C,11AA,1,KIT_2
KIT_2F_MG6_H,,8,2,6,0.75,FALSE,KIT_2F_MG6_H11,2,6,H11,F,11AA,1,KIT_2
KIT_2K_MG6_F,,0,0,0,0,FALSE,KIT_2K_MG6_F11,2,6,F11,K,11AA,1,KIT_2
KIT_2N_MG6_G,,8,0,8,1,FALSE,KIT_2N_MG6_G11,2,6,G11,N,11AA,1,KIT_2
KIT_303A_MG4_G2,,392198,358344,33854,0.086318645,TRUE,KIT_303A_MG4_G2,303,4,G2,A,2AB,5,KIT_303
KIT_303C_MG4_H2,,422978,384230,38748,0.091607601,TRUE,KIT_303C_MG4_H2,303,4,H2,C,2AB,5,KIT_303
KIT_303F_MG4,,173890,93606,80284,0.461694174,FALSE,KIT_303F_MG4_C1,303,4,C1,F,2AB,5,KIT_303
KIT_303K_MG4_A,,579414,556254,23160,0.039971419,FALSE,KIT_303K_MG4_A1,303,4,A1,K,2AB,5,KIT_303
KIT_303N_MG4_B,,439598,406690,32908,0.074859303,FALSE,KIT_303N_MG4_B1,303,4,B1,N,2AB,5,KIT_303
KIT_306A_MG5_A9,,344612,275748,68864,0.199830534,TRUE,KIT_306A_MG5_A9,306,5,A9,A,10AA,5,KIT_306
KIT_306C_MG5_B9,,56578,49548,7030,0.124253243,TRUE,KIT_306C_MG5_B9,306,5,B9,C,10AA,5,KIT_306
KIT_306F_MG5_E9,,509592,485064,24528,0.048132624,TRUE,KIT_306F_MG5_E9,306,5,E9,F,10AA,5,KIT_306
KIT_306K_MG5_C9,,582276,554664,27612,0.047420811,TRUE,KIT_306K_MG5_C9,306,5,C9,K,10AA,5,KIT_306
KIT_306N_MG5_D9,,24754,22098,2656,0.107295791,TRUE,KIT_306N_MG5_D9,306,5,D9,N,10AA,5,KIT_306
KIT_30C_MG3_E7,,261814,75320,186494,0.712314849,TRUE,KIT_30C_MG3_E7,30,3,E7,C,4AB,1,KIT_30
KIT_30C_MG5_E5,,22100,17400,4700,0.212669683,TRUE,KIT_30C_MG5_E5,30,5,E5,C,4AB,1,KIT_30
KIT_30F_MG3_D7,,4248,196,4052,0.95386064,TRUE,KIT_30F_MG3_D7,30,3,D7,F,4AB,1,KIT_30
KIT_30F_MG5_H5,,247550,216046,31504,0.127263179,TRUE,KIT_30F_MG5_H5,30,5,H5,F,4AB,1,KIT_30
KIT_30K_MG5_F5,,146674,121226,25448,0.173500416,TRUE,KIT_30K_MG5_F5,30,5,F5,K,4AB,1,KIT_30
KIT_30MK_MG3_F7,,19044,8124,10920,0.573408948,TRUE,KIT_30MK_MG3_F7,30,3,F7,K,4AB,1,KIT_30M
KIT_30N_MG3_C7,,5084,1580,3504,0.689221086,TRUE,KIT_30N_MG3_C7,30,3,C7,N,4AB,1,KIT_30
KIT_30N_MG5_G5,,524150,453256,70894,0.135255175,TRUE,KIT_30N_MG5_G5,30,5,G5,N,4AB,1,KIT_30
KIT_311A_MG6_C2,,2512116,2302554,209562,0.083420511,TRUE,KIT_311A_MG6_C2,311,6,C2,A,8PB,5,KIT_311
KIT_311F_MG6_D,,10733762,7254188,3479574,0.324170966,FALSE,KIT_311F_MG6_D1,311,6,D1,F,8PB,5,KIT_311
KIT_311K_MG6_B,,16355146,15515942,839204,0.051311312,FALSE,KIT_311K_MG6_B1,311,6,B1,K,8PB,5,KIT_311
KIT_311N_MG6,,16114136,13101644,3012492,0.186947162,FALSE,KIT_311N_MG6_C1,311,6,C1,N,8PB,5,KIT_311
KIT_314A_MG5_D10,,176582,175232,1350,0.007645173,TRUE,KIT_314A_MG5_D10,314,5,D10,A,10PB,5,KIT_314
KIT_314C_MG5_E10,,154,14,140,0.909090909,TRUE,KIT_314C_MG5_E10,314,5,E10,C,10PB,5,KIT_314
KIT_314F_MG5_H10,,6326476,6083866,242610,0.038348363,TRUE,KIT_314F_MG5_H10,314,5,H10,F,10PB,5,KIT_314
KIT_314K_MG5_F10,,2210204,1491182,719022,0.325319292,TRUE,KIT_314K_MG5_F10,314,5,F10,K,10PB,5,KIT_314
KIT_314N_MG5_G10,,2700382,2330606,369776,0.1369347,TRUE,KIT_314N_MG5_G10,314,5,G10,N,10PB,5,KIT_314
KIT_317A_MG5_B,,140734,135726,5008,0.035584862,FALSE,KIT_317A_MG5_B11,317,5,B11,A,7AB,5,KIT_317
KIT_317C_MG5,,671808,655248,16560,0.0246499,FALSE,KIT_317C_MG5_C11,317,5,C11,C,7AB,5,KIT_317
KIT_317F_MG5_F,,162152,159784,2368,0.014603582,FALSE,KIT_317F_MG5_F11,317,5,F11,F,7AB,5,KIT_317
KIT_317K_MG5_D,,427868,423496,4372,0.010218105,FALSE,KIT_317K_MG5_D11,317,5,D11,K,7AB,5,KIT_317
KIT_317N_MG5_E,,100114,93986,6128,0.06121022,FALSE,KIT_317N_MG5_E11,317,5,E11,N,7AB,5,KIT_317
KIT_318A_MG5_D7,,911162,881480,29682,0.032575985,TRUE,KIT_318A_MG5_D7,318,5,D7,A,15AA,5,KIT_318
KIT_318C_MG5_E7,,759280,713032,46248,0.060910336,TRUE,KIT_318C_MG5_E7,318,5,E7,C,15AA,5,KIT_318
KIT_318F_MG5_H7,,200826,173970,26856,0.133727705,TRUE,KIT_318F_MG5_H7,318,5,H7,F,15AA,5,KIT_318
KIT_318K_MG5_F7,,241332,228868,12464,0.051646694,TRUE,KIT_318K_MG5_F7,318,5,F7,K,15AA,5,KIT_318
KIT_318N_MG5_G7,,110018,103452,6566,0.059681143,TRUE,KIT_318N_MG5_G7,318,5,G7,N,15AA,5,KIT_318
KIT_319A_MG5_G,,9305738,9229976,75762,0.008141428,FALSE,KIT_319A_MG5_G11,319,5,G11,A,10PA,5,KIT_319
KIT_319C_MG5_H,,6509398,6135768,373630,0.057398549,FALSE,KIT_319C_MG5_H11,319,5,H11,C,10PA,5,KIT_319
KIT_319F_MG5_C10,,12695904,10854590,1841314,0.14503213,TRUE,KIT_319F_MG5_C10,319,5,C10,F,10PA,5,KIT_319
KIT_319K_MG5_A10,,15131556,14292000,839556,0.055483785,TRUE,KIT_319K_MG5_A10,319,5,A10,K,10PA,5,KIT_319
KIT_319N_MG5_B10,,7314702,6054094,1260608,0.172338941,TRUE,KIT_319N_MG5_B10,319,5,B10,N,10PA,5,KIT_319
KIT_320A_MG5_B8,,4609400,4333858,275542,0.059778279,TRUE,KIT_320A_MG5_B8,320,5,B8,A,21PA,5,KIT_320
KIT_320C_MG5_C8,,1852324,1718344,133980,0.072330759,TRUE,KIT_320C_MG5_C8,320,5,C8,C,21PA,5,KIT_320
KIT_320F_MG5_F8,,3485978,2645736,840242,0.241034797,TRUE,KIT_320F_MG5_F8,320,5,F8,F,21PA,5,KIT_320
KIT_320K_MG5_D8,,13474840,13142206,332634,0.024685562,TRUE,KIT_320K_MG5_D8,320,5,D8,K,21PA,5,KIT_320
KIT_320N_MG5_E8,,3856860,3672138,184722,0.047894401,TRUE,KIT_320N_MG5_E8,320,5,E8,N,21PA,5,KIT_320
KIT_32F_MG6_D9,,20535664,17265196,3270468,0.159257962,TRUE,KIT_32F_MG6_D9,32,6,D9,F,25UU,1,KIT_32
KIT_32K_MG6_B9,,16952934,16230604,722330,0.042607964,TRUE,KIT_32K_MG6_B9,32,6,B9,K,25UU,1,KIT_32
KIT_32N_MG6_C9,,32623364,27661188,4962176,0.152104976,TRUE,KIT_32N_MG6_C9,32,6,C9,N,25UU,1,KIT_32
KIT_34C_MG1_A7,,67596,6384,61212,0.905556542,TRUE,KIT_34C_MG1_A7,234,1,A7,C,7PA,4,KIT_34
KIT_34C_MG7_A6,,7239606,7020138,219468,0.030314909,TRUE,KIT_34C_MG7_A6,34,7,A6,C,13PB,1,KIT_34
KIT_34F_MG1_D7,,12600,1486,11114,0.882063492,TRUE,KIT_34F_MG1_D7,234,1,D7,F,7PA,4,KIT_34
KIT_34K_MG1_B7,,4386,396,3990,0.909712722,TRUE,KIT_34K_MG1_B7,234,1,B7,K,7PA,4,KIT_34
KIT_34K_MG7_B6,,2172560,2148282,24278,0.011174835,TRUE,KIT_34K_MG7_B6,34,7,B6,K,13PB,1,KIT_34
KIT_34N_MG1_C7,,64224,9578,54646,0.85086572,TRUE,KIT_34N_MG1_C7,234,1,C7,N,7PA,4,KIT_34
KIT_34N_MG7_C6,,12456336,11908240,548096,0.044001382,TRUE,KIT_34N_MG7_C6,34,7,C6,N,13PB,1,KIT_34
KIT_35C_MG4_E10,,3575328,3255710,319618,0.089395434,TRUE,KIT_35C_MG4_E10,35,4,E10,C,17PA,3,KIT_35
KIT_35C_MG7_A8,,10363628,10120178,243450,0.023490808,TRUE,KIT_35C_MG7_A8,35,7,A8,C,17PA,3,KIT_35
KIT_35F_MG4_H10,,2718,340,2378,0.874908021,TRUE,KIT_35F_MG4_H10,35,4,H10,F,17PA,3,KIT_35
KIT_35K_MG4_F10,,14710738,14458006,252732,0.017180103,TRUE,KIT_35K_MG4_F10,35,4,F10,K,17PA,3,KIT_35
KIT_35K_MG7_B8,,40330072,38371920,1958152,0.048553149,TRUE,KIT_35K_MG7_B8,35,7,B8,K,17PA,3,KIT_35
KIT_35N_MG4_G10,,13749268,10636046,3113222,0.2264282,TRUE,KIT_35N_MG4_G10,35,4,G10,N,17PA,3,KIT_35
KIT_35N_MG7_C8,,12597380,12376796,220584,0.017510308,TRUE,KIT_35N_MG7_C8,35,7,C8,N,17PA,3,KIT_35
KIT_36F_MG6_D7,,2012894,1432210,580684,0.288482156,TRUE,KIT_36F_MG6_D7,36,6,D7,F,9AA,1,KIT_36
KIT_36K_MG6_B7,,2110438,1997980,112458,0.053286569,TRUE,KIT_36K_MG6_B7,36,6,B7,K,9AA,1,KIT_36
KIT_36N_MG6_C7,,25438016,23621120,1816896,0.071424438,TRUE,KIT_36N_MG6_C7,36,6,C7,N,9AA,1,KIT_36
KIT_38C_MG2_E4,,28192,1872,26320,0.933598184,TRUE,KIT_38C_MG2_E4,38,2,E4,C,7PA,3,KIT_38
KIT_38F_MG2_H4,,6580,466,6114,0.929179331,TRUE,KIT_38F_MG2_H4,38,2,H4,F,7PA,3,KIT_38
KIT_38K_MG2_F4,,2512,190,2322,0.924363057,TRUE,KIT_38K_MG2_F4,38,2,F4,K,7PA,3,KIT_38
KIT_38N_MG2_G4,,108224,6986,101238,0.935448699,TRUE,KIT_38N_MG2_G4,38,2,G4,N,7PA,3,KIT_38
KIT_39F_MG6_D12,,2440250,1650484,789766,0.32364143,TRUE,KIT_39F_MG6_D12,39,6,D12,F,23PA,1,KIT_39
KIT_39K_MG6_B12,,5706268,5336858,369410,0.064737583,TRUE,KIT_39K_MG6_B12,39,6,B12,K,23PA,1,KIT_39
KIT_39N_MG6_C12,,24772980,18694650,6078330,0.245361277,TRUE,KIT_39N_MG6_C12,39,6,C12,N,23PA,1,KIT_39
KIT_3C_MG1_A2,,9088,1012,8076,0.888644366,TRUE,KIT_3C_MG1_A2,3,1,A2,C,5AA,1,KIT_3
KIT_3C_MG4_E6,,112226,106184,6042,0.053837792,TRUE,KIT_3C_MG4_E6,3,4,E6,C,5AA,1,KIT_3
KIT_3F_MG1_D2,,4698,446,4252,0.905065986,TRUE,KIT_3F_MG1_D2,3,1,D2,F,5AA,1,KIT_3
KIT_3F_MG4_H6,,343736,327040,16696,0.04857216,TRUE,KIT_3F_MG4_H6,3,4,H6,F,5AA,1,KIT_3
KIT_3K_MG1_B2,,79328,10064,69264,0.873134328,TRUE,KIT_3K_MG1_B2,3,1,B2,K,5AA,1,KIT_3
KIT_3K_MG4_F6,,172744,161006,11738,0.067950262,TRUE,KIT_3K_MG4_F6,3,4,F6,K,5AA,1,KIT_3
KIT_3N_MG1_C2,,3230,174,3056,0.946130031,TRUE,KIT_3N_MG1_C2,3,1,C2,N,5AA,1,KIT_3
KIT_3N_MG4_G6,,99088,75004,24084,0.243056677,TRUE,KIT_3N_MG4_G6,3,4,G6,N,5AA,1,KIT_3
KIT_41C_MG2_E8,,422,24,398,0.943127962,TRUE,KIT_41C_MG2_E8,41,2,E8,C,8PB,1,KIT_41
KIT_41F_MG2_H8,,974,64,910,0.934291581,TRUE,KIT_41F_MG2_H8,41,2,H8,F,8PB,1,KIT_41
KIT_41K_MG2_F8,,3572,250,3322,0.930011198,TRUE,KIT_41K_MG2_F8,41,2,F8,K,8PB,1,KIT_41
KIT_41N_MG2_G8,,32904,2202,30702,0.933078045,TRUE,KIT_41N_MG2_G8,41,2,G8,N,8PB,1,KIT_41
KIT_43C_MG6_E7,,728758,657620,71138,0.097615395,TRUE,KIT_43C_MG6_E7,43,6,E7,C,22AA,1,KIT_43
KIT_43F_MG6_H7,,0,0,0,0,TRUE,KIT_43F_MG6_H7,43,6,H7,F,22AA,1,KIT_43
KIT_43K_MG6_F7,,619332,598882,20450,0.033019447,TRUE,KIT_43K_MG6_F7,43,6,F7,K,22AA,1,KIT_43
KIT_43N_MG6_G7,,4343920,3329544,1014376,0.233516271,TRUE,KIT_43N_MG6_G7,43,6,G7,N,22AA,1,KIT_43
KIT_44C_MG6_E8,,21684752,20018012,1666740,0.076862304,TRUE,KIT_44C_MG6_E8,44,6,E8,C,22PA,1,KIT_44
KIT_44F_MG6_H8,,11097064,10876010,221054,0.019920044,TRUE,KIT_44F_MG6_H8,44,6,H8,F,22PA,1,KIT_44
KIT_44K_MG6_F8,,10863394,9617872,1245522,0.114653119,TRUE,KIT_44K_MG6_F8,44,6,F8,K,22PA,1,KIT_44
KIT_44N_MG6_G8,,14814378,12828532,1985846,0.134048557,TRUE,KIT_44N_MG6_G8,44,6,G8,N,22PA,1,KIT_44
KIT_45C_MG1_A4,,1578,134,1444,0.915082383,TRUE,KIT_45C_MG1_A4,45,1,A4,C,7AB,1,KIT_45
KIT_45C_MG4_A7,,214446,203554,10892,0.050791341,TRUE,KIT_45C_MG4_A7,45,4,A7,C,7AB,1,KIT_45
KIT_45F_MG1_D4,,5552,532,5020,0.904178674,TRUE,KIT_45F_MG1_D4,45,1,D4,F,7AB,1,KIT_45
KIT_45F_MG4_D7,,196,20,176,0.897959184,TRUE,KIT_45F_MG4_D7,45,4,D7,F,7AB,1,KIT_45
KIT_45K_MG1_B4,,10046,1474,8572,0.853274935,TRUE,KIT_45K_MG1_B4,45,1,B4,K,7AB,1,KIT_45
KIT_45K_MG4_B7,,21396,15968,5428,0.253692279,TRUE,KIT_45K_MG4_B7,45,4,B7,K,7AB,1,KIT_45
KIT_45N_MG1_C4,,11916,1812,10104,0.847935549,TRUE,KIT_45N_MG1_C4,45,1,C4,N,7AB,1,KIT_45
KIT_45N_MG4_C7,,106936,74344,32592,0.304780429,TRUE,KIT_45N_MG4_C7,45,4,C7,N,7AB,1,KIT_45
KIT_46C_MG1_E5,,102174,15320,86854,0.850059702,TRUE,KIT_46C_MG1_E5,46,1,E5,C,7PA,1,KIT_46
KIT_46F_MG1_H5,,69342,13318,56024,0.807937469,TRUE,KIT_46F_MG1_H5,46,1,H5,F,7PA,1,KIT_46
KIT_46K_MG1_F5,,40630,5112,35518,0.874181639,TRUE,KIT_46K_MG1_F5,46,1,F5,K,7PA,1,KIT_46
KIT_46N_MG1_G5,,190042,28460,161582,0.85024363,TRUE,KIT_46N_MG1_G5,46,1,G5,N,7PA,1,KIT_46
KIT_49C_MG1_A12,,86220,7890,78330,0.90848991,TRUE,KIT_49C_MG1_A12,49,1,A12,C,8AB,1,KIT_49
KIT_49F_MG1_D12,,273196,23182,250014,0.915145171,TRUE,KIT_49F_MG1_D12,49,1,D12,F,8AB,1,KIT_49
KIT_49K_MG1_B12,,115066,6204,108862,0.946083118,TRUE,KIT_49K_MG1_B12,49,1,B12,K,8AB,1,KIT_49
KIT_49N_MG1_C12,,750692,94930,655762,0.873543344,TRUE,KIT_49N_MG1_C12,49,1,C12,N,8AB,1,KIT_49
KIT_4C_MG2_E2,,11340,808,10532,0.928747795,TRUE,KIT_4C_MG2_E2,29,2,E2,C,2AA,1,KIT_4
KIT_4C_MG6_E12,,166854,163634,3220,0.019298309,TRUE,KIT_4C_MG6_E12,4,6,E12,C,17AA,1,KIT_4
KIT_4F_MG2_H2,,10088,682,9406,0.932394925,TRUE,KIT_4F_MG2_H2,29,2,H2,F,2AA,1,KIT_4
KIT_4F_MG6_H12,,232804,220986,11818,0.050763733,TRUE,KIT_4F_MG6_H12,4,6,H12,F,17AA,1,KIT_4
KIT_4K_MG2_F2,,1932,132,1800,0.931677019,TRUE,KIT_4K_MG2_F2,29,2,F2,K,2AA,1,KIT_4
KIT_4K_MG6_F12,,58614,53806,4808,0.082028184,TRUE,KIT_4K_MG6_F12,4,6,F12,K,17AA,1,KIT_4
KIT_4N_MG2_G2,,25232,1712,23520,0.932149651,TRUE,KIT_4N_MG2_G2,29,2,G2,N,2AA,1,KIT_4
KIT_4N_MG6_G12,,83632,77894,5738,0.068610101,TRUE,KIT_4N_MG6_G12,4,6,G12,N,17AA,1,KIT_4
KIT_51F_MG6_D8,,9599548,8135276,1464272,0.152535515,TRUE,KIT_51F_MG6_D8,51,6,D8,F,19AA,1,KIT_51
KIT_51K_MG6_B8,,9634094,9144104,489990,0.050859998,TRUE,KIT_51K_MG6_B8,51,6,B8,K,19AA,1,KIT_51
KIT_51N_MG6_C8,,10478594,7752302,2726292,0.260177272,TRUE,KIT_51N_MG6_C8,51,6,C8,N,19AA,1,KIT_51
KIT_53C_MG2_E10,,2288,90,2198,0.960664336,TRUE,KIT_53C_MG2_E10,53,2,E10,C,2AB,3,KIT_53
KIT_53C_MG4_A3,,70224,62658,7566,0.107740943,TRUE,KIT_53C_MG4_A3,53,4,A3,C,2AB,3,KIT_53
KIT_53F_MG2_H10,,650,28,622,0.956923077,TRUE,KIT_53F_MG2_H10,53,2,H10,F,2AB,3,KIT_53
KIT_53F_MG4_D3,,599084,585998,13086,0.021843348,TRUE,KIT_53F_MG4_D3,53,4,D3,F,2AB,3,KIT_53
KIT_53K_MG2_F10,,1692,84,1608,0.95035461,TRUE,KIT_53K_MG2_F10,53,2,F10,K,2AB,3,KIT_53
KIT_53K_MG4_B3,,1463184,1446564,16620,0.01135879,TRUE,KIT_53K_MG4_B3,53,4,B3,K,2AB,3,KIT_53
KIT_53N_MG2_G10,,2950,170,2780,0.942372881,TRUE,KIT_53N_MG2_G10,53,2,G10,N,2AB,3,KIT_53
KIT_53N_MG4_C3,,72736,54666,18070,0.248432688,TRUE,KIT_53N_MG4_C3,53,4,C3,N,2AB,3,KIT_53
KIT_54C_OR_12C_MG2_A4,,165916,10838,155078,0.934677789,TRUE,KIT_54C_OR_12C_MG2_A4,54,2,A4,C,1PB,1,KIT_54C_OR_12
KIT_54F_OR_12F_MG2_D4,,18910,1114,17796,0.941089371,TRUE,KIT_54F_OR_12F_MG2_D4,54,2,D4,F,1PB,1,KIT_54F_OR_12
KIT_54K_OR_12K_MG2_B4,,73304,3710,69594,0.949388846,TRUE,KIT_54K_OR_12K_MG2_B4,54,2,B4,K,1PB,1,KIT_54K_OR_12
KIT_54N_OR_12N_MG2_C4,,70056,4534,65522,0.935280347,TRUE,KIT_54N_OR_12N_MG2_C4,54,2,C4,N,1PB,1,KIT_54N_OR_12
KIT_57C_MG7_A7,,217916,209638,8278,0.037987114,TRUE,KIT_57C_MG7_A7,57,7,A7,C,23AA,1,KIT_57
KIT_57K_MG7_B7,,821728,815028,6700,0.00815355,TRUE,KIT_57K_MG7_B7,57,7,B7,K,23AA,1,KIT_57
KIT_57N_MG7_C7,,136544,125912,10632,0.077865011,TRUE,KIT_57N_MG7_C7,57,7,C7,N,23AA,1,KIT_57
KIT_60C_MG2_E3,,5932,386,5546,0.934929198,TRUE,KIT_60C_MG2_E3,60,2,E3,C,1PA,1,KIT_60
KIT_60F_MG2_H3,,57022,5222,51800,0.908421311,TRUE,KIT_60F_MG2_H3,60,2,H3,F,1PA,1,KIT_60
KIT_60K_MG2_F3,,87918,6316,81602,0.928160331,TRUE,KIT_60K_MG2_F3,60,2,F3,K,1PA,1,KIT_60
KIT_60N_MG2_G3,,69056,4746,64310,0.93127317,TRUE,KIT_60N_MG2_G3,60,2,G3,N,1PA,1,KIT_60
KIT_61C_MG1_E6,,564,52,512,0.907801418,TRUE,KIT_61C_MG1_E6,61,1,E6,C,5AB,1,KIT_61
KIT_61C_MG4_A6,,6,2,4,0.666666667,TRUE,KIT_61C_MG4_A6,61,4,A6,C,5AB,1,KIT_61
KIT_61F_MG1_H6,,1296,242,1054,0.813271605,TRUE,KIT_61F_MG1_H6,61,1,H6,F,5AB,1,KIT_61
KIT_61F_MG4_D6,,1491834,1472274,19560,0.013111378,TRUE,KIT_61F_MG4_D6,61,4,D6,F,5AB,1,KIT_61
KIT_61K_MG1_F6,,926,96,830,0.896328294,TRUE,KIT_61K_MG1_F6,61,1,F6,K,5AB,1,KIT_61
KIT_61K_MG4_B6,,134918,128672,6246,0.046294786,TRUE,KIT_61K_MG4_B6,61,4,B6,K,5AB,1,KIT_61
KIT_61N_MG1_G6,,2710,346,2364,0.872324723,TRUE,KIT_61N_MG1_G6,61,1,G6,N,5AB,1,KIT_61
KIT_61N_MG4_C6,,50626,28578,22048,0.435507447,TRUE,KIT_61N_MG4_C6,61,4,C6,N,5AB,1,KIT_61
KIT_63C_MG1_E12,,338506,31826,306680,0.905980987,TRUE,KIT_63C_MG1_E12,63,1,E12,C,1AA,3,KIT_63
KIT_63C_MG2_E,,50618,3732,46886,0.926271287,FALSE,KIT_63C_MG2_E1,63,2,E1,C,1AA,3,KIT_63
KIT_63F_MG1_H12,,147314,13084,134230,0.911182915,TRUE,KIT_63F_MG1_H12,63,1,H12,F,1AA,3,KIT_63
KIT_63F_MG2_H,,75272,4912,70360,0.934743331,FALSE,KIT_63F_MG2_H1,63,2,H1,F,1AA,3,KIT_63
KIT_63K_MG1_F12,,360374,46064,314310,0.872177238,TRUE,KIT_63K_MG1_F12,63,1,F12,K,1AA,3,KIT_63
KIT_63K_MG2_F,,110834,8124,102710,0.926701193,FALSE,KIT_63K_MG2_F1,63,2,F1,K,1AA,3,KIT_63
KIT_63N_MG1_G12,,261702,14028,247674,0.946397047,TRUE,KIT_63N_MG1_G12,63,1,G12,N,1AA,3,KIT_63
KIT_63N_MG2_G,,229048,13682,215366,0.940265796,FALSE,KIT_63N_MG2_G1,63,2,G1,N,1AA,3,KIT_63
KIT_64C_MG5_A3,,98598,80334,18264,0.185237023,TRUE,KIT_64C_MG5_A3,64,5,A3,C,24UU,3,KIT_64
KIT_64F_MG5_D3,,215438,197952,17486,0.081164883,TRUE,KIT_64F_MG5_D3,64,5,D3,F,24UU,3,KIT_64
KIT_64K_MG5_B3,,172272,147960,24312,0.141125662,TRUE,KIT_64K_MG5_B3,64,5,B3,K,24UU,3,KIT_64
KIT_64N_MG5_C3,,66166,46716,19450,0.293957622,TRUE,KIT_64N_MG5_C3,64,5,C3,N,24UU,3,KIT_64
KIT_65C_MG1_A6,,10024,1126,8898,0.887669593,TRUE,KIT_65C_MG1_A6,65,1,A6,C,7AA,1,KIT_65
KIT_65C_MG2_A9,,648,12,636,0.981481481,TRUE,KIT_65C_MG2_A9,65,2,A9,C,7AA,1,KIT_65
KIT_65C_MG4_A8,,1050498,988102,62396,0.059396591,TRUE,KIT_65C_MG4_A8,65,4,A8,C,7AA,1,KIT_65
KIT_65C_MG4_F9,,349150,270736,78414,0.224585422,TRUE,KIT_65C_MG4_F9,65,4,F9,C,7AA,1,KIT_65
KIT_65F_MG1_D6,,12110,1402,10708,0.884227911,TRUE,KIT_65F_MG1_D6,65,1,D6,F,7AA,1,KIT_65
KIT_65F_MG2_D9,,4498,130,4368,0.971098266,TRUE,KIT_65F_MG2_D9,65,2,D9,F,7AA,1,KIT_65
KIT_65K_MG1_B6,,5330,668,4662,0.87467167,TRUE,KIT_65K_MG1_B6,65,1,B6,K,7AA,1,KIT_65
KIT_65K_MG2_B9,,2214,66,2148,0.970189702,TRUE,KIT_65K_MG2_B9,65,2,B9,K,7AA,1,KIT_65
KIT_65K_MG4_G9,,122762,101104,21658,0.176422672,TRUE,KIT_65K_MG4_G9,65,4,G9,K,7AA,1,KIT_65
KIT_65N_MG1_C6,,196832,26120,170712,0.867298,TRUE,KIT_65N_MG1_C6,65,1,C6,N,7AA,1,KIT_65
KIT_65N_MG2_C9,,2204,80,2124,0.963702359,TRUE,KIT_65N_MG2_C9,65,2,C9,N,7AA,1,KIT_65
KIT_65N_MG4_H9,,7099152,6173840,925312,0.130341201,TRUE,KIT_65N_MG4_H9,65,4,H9,N,7AA,1,KIT_65
KIT_65RC_MG2_E9,,3068,86,2982,0.971968709,TRUE,KIT_65RC_MG2_E9,65,2,E9,C,7AA,1,KIT_65R
KIT_65RF_MG2_H9,,612,22,590,0.964052288,TRUE,KIT_65RF_MG2_H9,65,2,H9,F,7AA,1,KIT_65R
KIT_65RK_MG2_F9,,1080,38,1042,0.964814815,TRUE,KIT_65RK_MG2_F9,65,2,F9,K,7AA,1,KIT_65R
KIT_65RN_MG2_G9,,1076,30,1046,0.972118959,TRUE,KIT_65RN_MG2_G9,65,2,G9,N,7AA,1,KIT_65R
KIT_66C_MG2_A2,,84442,5728,78714,0.932166457,TRUE,KIT_66C_MG2_A2,20,2,A2,C,1AA,1,KIT_66
KIT_66C_MG5_A2,,430492,336340,94152,0.218707897,TRUE,KIT_66C_MG5_A2,66,5,A2,C,11AA,3,KIT_66
KIT_66F_MG2_D2,,7942,528,7414,0.933518006,TRUE,KIT_66F_MG2_D2,20,2,D2,F,1AA,1,KIT_66
KIT_66F_MG5_D2,,1037496,899356,138140,0.133147501,TRUE,KIT_66F_MG5_D2,66,5,D2,F,11AA,3,KIT_66
KIT_66K_MG2_B2,,72182,4308,67874,0.940317531,TRUE,KIT_66K_MG2_B2,20,2,B2,K,1AA,1,KIT_66
KIT_66K_MG5_B2,,1169120,1070478,98642,0.084372862,TRUE,KIT_66K_MG5_B2,66,5,B2,K,11AA,3,KIT_66
KIT_66N_MG2_C2,,134032,8406,125626,0.937283634,TRUE,KIT_66N_MG2_C2,20,2,C2,N,1AA,1,KIT_66
KIT_66N_MG5_C2,,312828,259106,53722,0.171730152,TRUE,KIT_66N_MG5_C2,66,5,C2,N,11AA,3,KIT_66
KIT_68C_MG5_E4,,50484,44714,5770,0.114293638,TRUE,KIT_68C_MG5_E4,68,5,E4,C,11PA,3,KIT_68
KIT_68F_MG5_H4,,11694,11596,98,0.008380366,TRUE,KIT_68F_MG5_H4,68,5,H4,F,11PA,3,KIT_68
KIT_68K_MG5_F4,,52966,42020,10946,0.206660877,TRUE,KIT_68K_MG5_F4,68,5,F4,K,11PA,3,KIT_68
KIT_68N_MG5_G4,,24294,17328,6966,0.286737466,TRUE,KIT_68N_MG5_G4,68,5,G4,N,11PA,3,KIT_68
KIT_69C_MG2_A,,1286,88,1198,0.931570762,FALSE,KIT_69C_MG2_A1,69,2,A1,C,5AB,3,KIT_69
KIT_69C_MG4_C2,,47262,37054,10208,0.215987474,TRUE,KIT_69C_MG4_C2,69,4,C2,C,5AB,3,KIT_69
KIT_69F_MG2_D,,364,24,340,0.934065934,FALSE,KIT_69F_MG2_D1,69,2,D1,F,5AB,3,KIT_69
KIT_69F_MG4_F2,,76328,61506,14822,0.19418824,TRUE,KIT_69F_MG4_F2,69,4,F2,F,5AB,3,KIT_69
KIT_69K_MG2_B,,1666,92,1574,0.944777911,FALSE,KIT_69K_MG2_B1,69,2,B1,K,5AB,3,KIT_69
KIT_69K_MG4_D2,,212664,192540,20124,0.094628146,TRUE,KIT_69K_MG4_D2,69,4,D2,K,5AB,3,KIT_69
KIT_69N_MG2,,1590,76,1514,0.952201258,FALSE,KIT_69N_MG2_C1,69,2,C1,N,5AB,3,KIT_69
KIT_69N_MG4_E2,,205854,170408,35446,0.172189999,TRUE,KIT_69N_MG4_E2,69,4,E2,N,5AB,3,KIT_69
KIT_71C_MG5_E,,10824,10600,224,0.020694752,FALSE,KIT_71C_MG5_E1,71,5,E1,C,14AA,3,KIT_71
KIT_71F_MG5_H,,514552,478936,35616,0.069217494,FALSE,KIT_71F_MG5_H1,71,5,H1,F,14AA,3,KIT_71
KIT_71K_MG5_F,,140164,127532,12632,0.090122999,FALSE,KIT_71K_MG5_F1,71,5,F1,K,14AA,3,KIT_71
KIT_71N_MG5_G,,77678,66110,11568,0.148922475,FALSE,KIT_71N_MG5_G1,71,5,G1,N,14AA,3,KIT_71
KIT_72C_MG2_A8,,20342,1302,19040,0.935994494,TRUE,KIT_72C_MG2_A8,72,2,A8,C,8AC,3,KIT_72
KIT_72C_MG4_E3,,256812,147892,108920,0.424123483,TRUE,KIT_72C_MG4_E3,72,4,E3,C,8AC,3,KIT_72
KIT_72F_MG2_D8,,10212,658,9554,0.935566001,TRUE,KIT_72F_MG2_D8,72,2,D8,F,8AC,3,KIT_72
KIT_72F_MG4_H3,,2955200,2676492,278708,0.094311045,TRUE,KIT_72F_MG4_H3,72,4,H3,F,8AC,3,KIT_72
KIT_72K_MG2_B8,,152620,10352,142268,0.932171406,TRUE,KIT_72K_MG2_B8,72,2,B8,K,8AC,3,KIT_72
KIT_72K_MG4_F3,,2502,410,2092,0.836131095,TRUE,KIT_72K_MG4_F3,72,4,F3,K,8AC,3,KIT_72
KIT_72N_MG2_C8,,43656,2682,40974,0.938565146,TRUE,KIT_72N_MG2_C8,72,2,C8,N,8AC,3,KIT_72
KIT_72N_MG4_G3,,411368,246486,164882,0.40081387,TRUE,KIT_72N_MG4_G3,72,4,G3,N,8AC,3,KIT_72
KIT_74C_MG5_A,,10525634,9465710,1059924,0.100699302,FALSE,KIT_74C_MG5_A1,74,5,A1,C,14PA,3,KIT_74
KIT_74F_MG5_D,,20344206,15355338,4988868,0.245223038,FALSE,KIT_74F_MG5_D1,74,5,D1,F,14PA,3,KIT_74
KIT_74K_MG5_B,,3129874,2157546,972328,0.310660429,FALSE,KIT_74K_MG5_B1,74,5,B1,K,14PA,3,KIT_74
KIT_74N_MG5,,4881266,4780434,100832,0.020656936,FALSE,KIT_74N_MG5_C1,74,5,C1,N,14PA,3,KIT_74
KIT_75C_MG3_E4,,241946,100758,141188,0.583551702,TRUE,KIT_75C_MG3_E4,75,3,E4,C,2AA,3,KIT_75
KIT_75F_MG3_H4,,190672,91210,99462,0.521639255,TRUE,KIT_75F_MG3_H4,75,3,H4,F,2AA,3,KIT_75
KIT_75K_MG3_F4,,224782,107072,117710,0.523662927,TRUE,KIT_75K_MG3_F4,75,3,F4,K,2AA,3,KIT_75
KIT_75N_MG3_G4,,284786,93360,191426,0.672174896,TRUE,KIT_75N_MG3_G4,75,3,G4,N,2AA,3,KIT_75
KIT_76C_MG3_A6,,1900992,596948,1304044,0.685980793,TRUE,KIT_76C_MG3_A6,76,3,A6,C,2PA,3,KIT_76
KIT_76F_MG3_D6,,1191700,448696,743004,0.62348242,TRUE,KIT_76F_MG3_D6,76,3,D6,F,2PA,3,KIT_76
KIT_76K_MG3_B6,,185356,80304,105052,0.566758022,TRUE,KIT_76K_MG3_B6,76,3,B6,K,2PA,3,KIT_76
KIT_76N_MG3_C6,,392096,197920,194176,0.495225659,TRUE,KIT_76N_MG3_C6,76,3,C6,N,2PA,3,KIT_76
KIT_77C_MG4_E,,1806892,1495120,311772,0.172546007,FALSE,KIT_77C_MG4_E11,77,4,E11,C,9PA,3,KIT_77
KIT_77C_MG7_A9,,6160040,5746336,413704,0.067159304,TRUE,KIT_77C_MG7_A9,77,7,A9,C,9PA,3,KIT_77
KIT_77F_MG4_H,,1083168,932748,150420,0.138870425,FALSE,KIT_77F_MG4_H11,77,4,H11,F,9PA,3,KIT_77
KIT_77K_MG4_F,,3318250,2961682,356568,0.107456641,FALSE,KIT_77K_MG4_F11,77,4,F11,K,9PA,3,KIT_77
KIT_77K_MG7_B9,,6743692,6261666,482026,0.071478057,TRUE,KIT_77K_MG7_B9,77,7,B9,K,9PA,3,KIT_77
KIT_77N_MG4_G,,3061824,2457852,603972,0.197258889,FALSE,KIT_77N_MG4_G11,77,4,G11,N,9PA,3,KIT_77
KIT_77N_MG7_C9,,2782652,2620464,162188,0.058285405,TRUE,KIT_77N_MG7_C9,77,7,C9,N,9PA,3,KIT_77
KIT_78C_MG7_A,,308118,276828,31290,0.101552003,FALSE,KIT_78C_MG7_A1,78,7,A1,C,12AA,4,KIT_78
KIT_78K_MG7_B,,1135896,1100958,34938,0.030758098,FALSE,KIT_78K_MG7_B1,78,7,B1,K,12AA,4,KIT_78
KIT_78N_MG7,,338864,317782,21082,0.062213749,FALSE,KIT_78N_MG7_C1,78,7,C1,N,12AA,4,KIT_78
KIT_79C_MG3_A3,,15794,5036,10758,0.681144739,TRUE,KIT_79C_MG3_A3,79,3,A3,C,5AA,3,KIT_79
KIT_79C_MG4_A4,,244478,219606,24872,0.101735125,TRUE,KIT_79C_MG4_A4,79,4,A4,C,5AA,3,KIT_79
KIT_79F_MG3_D3,,8988,2594,6394,0.711392968,TRUE,KIT_79F_MG3_D3,79,3,D3,F,5AA,3,KIT_79
KIT_79F_MG4_D4,,198644,188558,10086,0.050774249,TRUE,KIT_79F_MG4_D4,79,4,D4,F,5AA,3,KIT_79
KIT_79K_MG3_B3,,16294,4646,11648,0.714864367,TRUE,KIT_79K_MG3_B3,79,3,B3,K,5AA,3,KIT_79
KIT_79K_MG4_B4,,301984,285900,16084,0.0532611,TRUE,KIT_79K_MG4_B4,79,4,B4,K,5AA,3,KIT_79
KIT_79N_MG3_C3,,7842,3020,4822,0.61489416,TRUE,KIT_79N_MG3_C3,79,3,C3,N,5AA,3,KIT_79
KIT_79N_MG4_C4,,407376,371100,36276,0.089047956,TRUE,KIT_79N_MG4_C4,79,4,C4,N,5AA,3,KIT_79
KIT_7F_MG6_D4,,19690290,18292950,1397340,0.070965943,TRUE,KIT_7F_MG6_D4,7,6,D4,F,15PB,1,KIT_7
KIT_7K_MG6_B4,,9854798,8751422,1103376,0.11196333,TRUE,KIT_7K_MG6_B4,7,6,B4,K,15PB,1,KIT_7
KIT_7N_MG6_C4,,21662370,16751400,4910970,0.226705111,TRUE,KIT_7N_MG6_C4,7,6,C4,N,15PB,1,KIT_7
KIT_80C_MG5_E2,,1288102,1129986,158116,0.122751149,TRUE,KIT_80C_MG5_E2,80,5,E2,C,19PA,3,KIT_80
KIT_80F_MG5_H2,,566602,535472,31130,0.054941564,TRUE,KIT_80F_MG5_H2,80,5,H2,F,19PA,3,KIT_80
KIT_80K_MG5_F2,,782566,749444,33122,0.042324865,TRUE,KIT_80K_MG5_F2,80,5,F2,K,19PA,3,KIT_80
KIT_80N_MG5_G2,,1391288,1155500,235788,0.169474616,TRUE,KIT_80N_MG5_G2,80,5,G2,N,19PA,3,KIT_80
KIT_81C_MG1_A10,,738554,85674,652880,0.883997649,TRUE,KIT_81C_MG1_A10,83,1,A10,C,0CC,2,KIT_81
KIT_81C_MG6_E5,,12604822,11177812,1427010,0.113211436,TRUE,KIT_81C_MG6_E5,81,6,E5,C,20AA,2,KIT_81
KIT_81F_MG1_D10,,2564886,253746,2311140,0.901069287,TRUE,KIT_81F_MG1_D10,83,1,D10,F,0CC,2,KIT_81
KIT_81F_MG6_H5,,47333254,41744036,5589218,0.118082268,TRUE,KIT_81F_MG6_H5,81,6,H5,F,20AA,2,KIT_81
KIT_81K_MG1_B10,,1221946,158758,1063188,0.870077728,TRUE,KIT_81K_MG1_B10,83,1,B10,K,0CC,2,KIT_81
KIT_81K_MG6_F5,,19825866,18354702,1471164,0.074204274,TRUE,KIT_81K_MG6_F5,81,6,F5,K,20AA,2,KIT_81
KIT_81N_MG1_C10,,3176516,454352,2722164,0.856965304,TRUE,KIT_81N_MG1_C10,83,1,C10,N,0CC,2,KIT_81
KIT_81N_MG6_G5,,35305614,28434220,6871394,0.194626101,TRUE,KIT_81N_MG6_G5,81,6,G5,N,20AA,2,KIT_81
KIT_82C_MG4_A10,,6247774,6053016,194758,0.031172382,TRUE,KIT_82C_MG4_A10,82,4,A10,C,12AA,3,KIT_82
KIT_82C_MG7_E10,,8,4,4,0.5,TRUE,KIT_82C_MG7_E10,82,7,E10,C,12AA,3,KIT_82
KIT_82F_MG4_D10,,200630,193910,6720,0.033494492,TRUE,KIT_82F_MG4_D10,82,4,D10,F,12AA,3,KIT_82
KIT_82F_MG7_H10,,953148,903510,49638,0.052077956,TRUE,KIT_82F_MG7_H10,82,7,H10,F,12AA,3,KIT_82
KIT_82K_MG4_B10,,4344300,4167092,177208,0.040790921,TRUE,KIT_82K_MG4_B10,82,4,B10,K,12AA,3,KIT_82
KIT_82K_MG7_F10,,0,0,0,0,TRUE,KIT_82K_MG7_F10,82,7,F10,K,12AA,3,KIT_82
KIT_82N_MG4_C10,,90050,58936,31114,0.345519156,TRUE,KIT_82N_MG4_C10,82,4,C10,N,12AA,3,KIT_82
KIT_82N_MG7_G10,,559990,479334,80656,0.144031143,TRUE,KIT_82N_MG7_G10,82,7,G10,N,12AA,3,KIT_82
KIT_833C_MG4_B9,,2254538,1782502,472036,0.209371499,TRUE,KIT_833C_MG4_B9,83,4,B9,C,0CC,2,KIT_833
KIT_83C_MG1_E9,,167338,6522,160816,0.961024991,TRUE,KIT_83C_MG1_E9,83,1,E9,C,0CC,2,KIT_83
KIT_83F_MG1_H9,,4570,218,4352,0.952297593,TRUE,KIT_83F_MG1_H9,83,1,H9,F,0CC,2,KIT_83
KIT_83F_MG4_E9,,4777272,4630882,146390,0.030643011,TRUE,KIT_83F_MG4_E9,83,4,E9,F,0CC,2,KIT_83
KIT_83K_MG1_F9,,88040,3724,84316,0.957701045,TRUE,KIT_83K_MG1_F9,83,1,F9,K,0CC,2,KIT_83
KIT_83K_MG4_C9,,3074330,2274340,799990,0.260216047,TRUE,KIT_83K_MG4_C9,83,4,C9,K,0CC,2,KIT_83
KIT_83N_MG1_G9,,264354,9438,254916,0.964297873,TRUE,KIT_83N_MG1_G9,83,1,G9,N,0CC,2,KIT_83
KIT_83N_MG4_D9,,8197554,6325294,1872260,0.228392518,TRUE,KIT_83N_MG4_D9,83,4,D9,N,0CC,2,KIT_83
KIT_85C_MG5_E3,,38930,32988,5942,0.152632931,TRUE,KIT_85C_MG5_E3,85,5,E3,C,13AA,3,KIT_85
KIT_85F_MG5_H3,,559586,523712,35874,0.064108108,TRUE,KIT_85F_MG5_H3,85,5,H3,F,13AA,3,KIT_85
KIT_85K_MG5_F3,,246570,237906,8664,0.035138095,TRUE,KIT_85K_MG5_F3,85,5,F3,K,13AA,3,KIT_85
KIT_85N_MG5_G3,,247824,208648,39176,0.158079928,TRUE,KIT_85N_MG5_G3,85,5,G3,N,13AA,3,KIT_85
KIT_86C_MG7_E6,,0,0,0,0,TRUE,KIT_86C_MG7_E6,86,7,E6,C,12PA,4,KIT_86
KIT_86F_MG7_H6,,5561468,4651876,909592,0.163552501,TRUE,KIT_86F_MG7_H6,86,7,H6,F,12PA,4,KIT_86
KIT_86K_MG7_F6,,0,0,0,0,TRUE,KIT_86K_MG7_F6,86,7,F6,K,12PA,4,KIT_86
KIT_86N_MG7_G6,,9796756,8987326,809430,0.082622248,TRUE,KIT_86N_MG7_G6,86,7,G6,N,12PA,4,KIT_86
KIT_88C_MG3_A2,,1813754,271110,1542644,0.850525485,TRUE,KIT_88C_MG3_A2,88,3,A2,C,5PB,3,KIT_88
KIT_88F_MG3_D2,,1333992,310374,1023618,0.767334437,TRUE,KIT_88F_MG3_D2,88,3,D2,F,5PB,3,KIT_88
KIT_88K_MG3_B2,,1712740,587366,1125374,0.657060616,TRUE,KIT_88K_MG3_B2,88,3,B2,K,5PB,3,KIT_88
KIT_88N_MG3_C2,,2984646,757790,2226856,0.746103893,TRUE,KIT_88N_MG3_C2,88,3,C2,N,5PB,3,KIT_88
KIT_89C_MG7_A10,,12095912,10791620,1304292,0.107829157,TRUE,KIT_89C_MG7_A10,89,7,A10,C,16PB,3,KIT_89
KIT_89K_MG7_B10,,8058686,6505992,1552694,0.192673346,TRUE,KIT_89K_MG7_B10,89,7,B10,K,16PB,3,KIT_89
KIT_89N_MG7_C10,,5432954,4235678,1197276,0.220372932,TRUE,KIT_89N_MG7_C10,89,7,C10,N,16PB,3,KIT_89
KIT_8C_MG1_E7,,1682,162,1520,0.903686088,TRUE,KIT_8C_MG1_E7,8,1,E7,C,4AC,1,KIT_8
KIT_8C_MG5_E6,,4782,4252,530,0.110832288,TRUE,KIT_8C_MG5_E6,8,5,E6,C,4AC,1,KIT_8
KIT_8F_MG1_H7,,2308,404,1904,0.824956672,TRUE,KIT_8F_MG1_H7,8,1,H7,F,4AC,1,KIT_8
KIT_8F_MG5_H6,,408398,390430,17968,0.043996298,TRUE,KIT_8F_MG5_H6,8,5,H6,F,4AC,1,KIT_8
KIT_8K_MG1_F7,,2498,338,2160,0.864691753,TRUE,KIT_8K_MG1_F7,8,1,F7,K,4AC,1,KIT_8
KIT_8K_MG5_F6,,124104,112678,11426,0.092067943,TRUE,KIT_8K_MG5_F6,8,5,F6,K,4AC,1,KIT_8
KIT_8N_MG1_G7,,1356,122,1234,0.910029499,TRUE,KIT_8N_MG1_G7,8,1,G7,N,4AC,1,KIT_8
KIT_8N_MG5_G6,,19264,15184,4080,0.21179402,TRUE,KIT_8N_MG5_G6,8,5,G6,N,4AC,1,KIT_8
KIT_90C_MG1_E8,,2644,226,2418,0.914523449,TRUE,KIT_90C_MG1_E8,90,1,E8,C,3AB,2,KIT_90
KIT_90C_MG4_E8,,83806,79818,3988,0.047586092,TRUE,KIT_90C_MG4_E8,90,4,E8,C,3AB,2,KIT_90
KIT_90F_MG1_H8,,14562,2524,12038,0.82667216,TRUE,KIT_90F_MG1_H8,90,1,H8,F,3AB,2,KIT_90
KIT_90F_MG4_H8,,201306,189384,11922,0.059223272,TRUE,KIT_90F_MG4_H8,90,4,H8,F,3AB,2,KIT_90
KIT_90K_MG1_F8,,7220,904,6316,0.874792244,TRUE,KIT_90K_MG1_F8,90,1,F8,K,3AB,2,KIT_90
KIT_90K_MG4_F8,,355786,324966,30820,0.086625106,TRUE,KIT_90K_MG4_F8,90,4,F8,K,3AB,2,KIT_90
KIT_90N_MG1_G8,,2244,296,1948,0.868092692,TRUE,KIT_90N_MG1_G8,90,1,G8,N,3AB,2,KIT_90
KIT_90N_MG4_G8,,134704,119590,15114,0.112201568,TRUE,KIT_90N_MG4_G8,90,4,G8,N,3AB,2,KIT_90
KIT_91C_MG7_E3,,0,0,0,0,TRUE,KIT_91C_MG7_E3,91,7,E3,C,9AA,2,KIT_91
KIT_91F_MG7_H3,,3300034,2333166,966868,0.292987284,TRUE,KIT_91F_MG7_H3,91,7,H3,F,9AA,2,KIT_91
KIT_91K_MG7_F3,,0,0,0,0,TRUE,KIT_91K_MG7_F3,91,7,F3,K,9AA,2,KIT_91
KIT_91N_MG7_G3,,4076240,3129642,946598,0.232223323,TRUE,KIT_91N_MG7_G3,91,7,G3,N,9AA,2,KIT_91
KIT_92C_MG1_A8,,362432,44438,317994,0.877389414,TRUE,KIT_92C_MG1_A8,92,1,A8,C,1PA,2,KIT_92
KIT_92F_MG1_D8,,566596,68630,497966,0.87887313,TRUE,KIT_92F_MG1_D8,92,1,D8,F,1PA,2,KIT_92
KIT_92K_MG1_B8,,180028,18838,161190,0.895360722,TRUE,KIT_92K_MG1_B8,92,1,B8,K,1PA,2,KIT_92
KIT_92N_MG1_C8,,848430,137122,711308,0.838381481,TRUE,KIT_92N_MG1_C8,92,1,C8,N,1PA,2,KIT_92
KIT_93C_MG1_E3,,9362,1222,8140,0.869472335,TRUE,KIT_93C_MG1_E3,93,1,E3,C,3AA,2,KIT_93
KIT_93C_MG4_E5,,578176,549728,28448,0.049203011,TRUE,KIT_93C_MG4_E5,93,4,E5,C,3AA,2,KIT_93
KIT_93F_MG1_H3,,7596,1370,6226,0.819641917,TRUE,KIT_93F_MG1_H3,93,1,H3,F,3AA,2,KIT_93
KIT_93F_MG4_H5,,380954,369926,11028,0.028948377,TRUE,KIT_93F_MG4_H5,93,4,H5,F,3AA,2,KIT_93
KIT_93K_MG1_F3,,3532,418,3114,0.881653454,TRUE,KIT_93K_MG1_F3,93,1,F3,K,3AA,2,KIT_93
KIT_93K_MG4_F5,,188634,180662,7972,0.042261734,TRUE,KIT_93K_MG4_F5,93,4,F5,K,3AA,2,KIT_93
KIT_93N_MG1_G3,,11000,1700,9300,0.845454545,TRUE,KIT_93N_MG1_G3,93,1,G3,N,3AA,2,KIT_93
KIT_93N_MG4_G5,,522270,484012,38258,0.073253298,TRUE,KIT_93N_MG4_G5,93,4,G5,N,3AA,2,KIT_93
KIT_94C_MG1_A5,,27896,3748,24148,0.86564382,TRUE,KIT_94C_MG1_A5,94,1,A5,C,4PA,2,KIT_94
KIT_94C_MG5_A4,,13016858,12990008,26850,0.00206271,TRUE,KIT_94C_MG5_A4,94,5,A4,C,4PA,2,KIT_94
KIT_94F_MG1_D5,,82676,10698,71978,0.870603319,TRUE,KIT_94F_MG1_D5,94,1,D5,F,4PA,2,KIT_94
KIT_94F_MG5_D4,,7251376,7058550,192826,0.026591643,TRUE,KIT_94F_MG5_D4,94,5,D4,F,4PA,2,KIT_94
KIT_94K_MG1_B5,,501122,81220,419902,0.837923699,TRUE,KIT_94K_MG1_B5,94,1,B5,K,4PA,2,KIT_94
KIT_94K_MG5_B4,,10605390,9014340,1591050,0.150022771,TRUE,KIT_94K_MG5_B4,94,5,B4,K,4PA,2,KIT_94
KIT_94N_MG1_C5,,718540,113894,604646,0.841492471,TRUE,KIT_94N_MG1_C5,94,1,C5,N,4PA,2,KIT_94
KIT_94N_MG5_C4,,24767626,23444748,1322878,0.053411578,TRUE,KIT_94N_MG5_C4,94,5,C4,N,4PA,2,KIT_94
KIT_95C_MG1_A3,,1001278,152252,849026,0.84794233,TRUE,KIT_95C_MG1_A3,95,1,A3,C,3PA,2,KIT_95
KIT_95F_MG1_D3,,1383346,156422,1226924,0.886924891,TRUE,KIT_95F_MG1_D3,95,1,D3,F,3PA,2,KIT_95
KIT_95K_MG1_B3,,157804,24226,133578,0.846480444,TRUE,KIT_95K_MG1_B3,95,1,B3,K,3PA,2,KIT_95
KIT_95N_MG1_C3,,1836686,327884,1508802,0.821480645,TRUE,KIT_95N_MG1_C3,95,1,C3,N,3PA,2,KIT_95
KIT_96C_MG1_A9,,92104,3068,89036,0.966689829,TRUE,KIT_96C_MG1_A9,96,1,A9,C,1PB,2,KIT_96
KIT_96F_MG1_D9,,148460,6584,141876,0.955651354,TRUE,KIT_96F_MG1_D9,96,1,D9,F,1PB,2,KIT_96
KIT_96F_MG4_D8,,32491418,29211652,3279766,0.100942532,TRUE,KIT_96F_MG4_D8,96,4,D8,F,1PB,2,KIT_96
KIT_96K_MG4_B8,,6238934,4703150,1535784,0.246161283,TRUE,KIT_96K_MG4_B8,96,4,B8,K,1PB,2,KIT_96
KIT_96MK_MG1_B9,,106,2,104,0.981132075,TRUE,KIT_96MK_MG1_B9,96,1,B9,K,1PB,2,KIT_96M
KIT_96N_MG1_C9,,152052,6708,145344,0.955883514,TRUE,KIT_96N_MG1_C9,96,1,C9,N,1PB,2,KIT_96
KIT_96N_MG4_C8,,7881270,6102674,1778596,0.225673781,TRUE,KIT_96N_MG4_C8,96,4,C8,N,1PB,2,KIT_96
KIT_97C_MG7_E4,,0,0,0,0,TRUE,KIT_97C_MG7_E4,97,7,E4,C,9PA,2,KIT_97
KIT_97F_MG7_H4,,830020,654306,175714,0.211698513,TRUE,KIT_97F_MG7_H4,97,7,H4,F,9PA,2,KIT_97
KIT_97K_MG7_F4,,0,0,0,0,TRUE,KIT_97K_MG7_F4,97,7,F4,K,9PA,2,KIT_97
KIT_97N_MG7_G4,,733748,601322,132426,0.180478857,TRUE,KIT_97N_MG7_G4,97,7,G4,N,9PA,2,KIT_97
KIT_98C_MG4_A,,8126456,6347074,1779382,0.218961624,FALSE,KIT_98C_MG4_A11,98,4,A11,C,14PA,2,KIT_98
KIT_98C_MG7_E,,0,0,0,0,FALSE,KIT_98C_MG7_E1,98,7,E1,C,14PA,2,KIT_98
KIT_98F_MG4_D,,3292158,2289422,1002736,0.304583194,FALSE,KIT_98F_MG4_D11,98,4,D11,F,14PA,2,KIT_98
KIT_98F_MG7_H,,42076266,37719334,4356932,0.103548447,FALSE,KIT_98F_MG7_H1,98,7,H1,F,14PA,2,KIT_98
KIT_98K_MG4_B,,11019136,9038218,1980918,0.179770719,FALSE,KIT_98K_MG4_B11,98,4,B11,K,14PA,2,KIT_98
KIT_98K_MG7_F,,0,0,0,0,FALSE,KIT_98K_MG7_F1,98,7,F1,K,14PA,2,KIT_98
KIT_98N_MG4,,2745856,2000834,745022,0.271325954,FALSE,KIT_98N_MG4_C11,98,4,C11,N,14PA,2,KIT_98
KIT_98N_MG7_G,,5290344,4529722,760622,0.143775528,FALSE,KIT_98N_MG7_G1,98,7,G1,N,14PA,2,KIT_98
KIT_99C_MG7_E2,,0,0,0,0,TRUE,KIT_99C_MG7_E2,99,7,E2,C,14AA,2,KIT_99
KIT_99F_MG7_H2,,145566,125252,20314,0.139551818,TRUE,KIT_99F_MG7_H2,99,7,H2,F,14AA,2,KIT_99
KIT_99K_MG7_F2,,0,0,0,0,TRUE,KIT_99K_MG7_F2,99,7,F2,K,14AA,2,KIT_99
KIT_99N_MG7_G2,,68988,59538,9450,0.136980344,TRUE,KIT_99N_MG7_G2,99,7,G2,N,14AA,2,KIT_99
KIT_9C_MG1_E10,,86220,10248,75972,0.881141267,TRUE,KIT_9C_MG1_E10,9,1,E10,C,2PB,1,KIT_9
KIT_9F_MG1_H10,,61562,10104,51458,0.835872779,TRUE,KIT_9F_MG1_H10,9,1,H10,F,2PB,1,KIT_9
KIT_9K_MG1_F10,,39722,4834,34888,0.878304214,TRUE,KIT_9K_MG1_F10,9,1,F10,K,2PB,1,KIT_9
KIT_9N_MG1_G10,,494502,74118,420384,0.850115874,TRUE,KIT_9N_MG1_G10,9,1,G10,N,2PB,1,KIT_9
KIT_BLANK_A4_MG3_A4,,1126,428,698,0.619893428,TRUE,KIT_BLANK_A4_MG3_A4,0,3,A4,K,NA,0,KIT_BLANK_A
KIT_BLANK_B4_MG3_B4,,508,190,318,0.625984252,TRUE,KIT_BLANK_B4_MG3_B4,0,3,B4,K,NA,0,KIT_BLANK_B
KIT_BLANK_C4_MG3_C4,,972,364,608,0.625514403,TRUE,KIT_BLANK_C4_MG3_C4,0,3,C4,K,NA,0,KIT_BLANK_C
KIT_BLANK_D4_MG3_D4,,3426,1280,2146,0.626386457,TRUE,KIT_BLANK_D4_MG3_D4,0,3,D4,K,NA,0,KIT_BLANK_D
KIT_BLANK_MG3_A8,,2170,784,1386,0.638709677,TRUE,KIT_BLANK_MG3_A8,0,3,A8,K,NA,0,KIT_BLAN
KIT_BLANK_MG3_E9,,1546,214,1332,0.861578266,TRUE,KIT_BLANK_MG3_E9,0,3,E9,K,NA,0,KIT_BLAN
KIT_BLANK_MG3_G12,,314,82,232,0.738853503,TRUE,KIT_BLANK_MG3_G12,0,3,G12,K,NA,0,KIT_BLAN
KIT_BLANK_MG3_H12,,754,118,636,0.843501326,TRUE,KIT_BLANK_MG3_H12,0,3,H12,K,NA,0,KIT_BLAN
KIT_BLANK_MG6_D3,,6785334,6693104,92230,0.013592551,TRUE,KIT_BLANK_MG6_D3,0,6,D3,K,NA,0,KIT_BLAN
KIT_BLANK_MG6_E3,,16266600,15538606,727994,0.044753913,TRUE,KIT_BLANK_MG6_E3,0,6,E3,K,NA,0,KIT_BLAN
KIT_BLANK_MG6_F3,,18432988,16627022,1805966,0.097974675,TRUE,KIT_BLANK_MG6_F3,0,6,F3,K,NA,0,KIT_BLAN
KIT_BLANK_MG6_G3,,16079792,14013812,2065980,0.128483005,TRUE,KIT_BLANK_MG6_G3,0,6,G3,K,NA,0,KIT_BLAN
KIT_C2C2_MG4_A9,,139652,138432,1220,0.008736001,TRUE,KIT_C2C2_MG4_A9,0,4,A9,2,NA,0,KIT_C2C
KIT_CALE_MG4_D12,,140968,117834,23134,0.164108166,TRUE,KIT_CALE_MG4_D12,0,4,D12,E,NA,0,KIT_CAL
KIT_CALE_MG4_E12,,976,336,640,0.655737705,TRUE,KIT_CALE_MG4_E12,0,4,E12,E,NA,0,KIT_CAL
KIT_CALE_MG4_F12,,10,0,10,1,TRUE,KIT_CALE_MG4_F12,0,4,F12,E,NA,0,KIT_CAL
KIT_MOCK1_MG4_C12,,83566200,81508020,2058180,0.024629336,TRUE,KIT_MOCK1_MG4_C12,0,4,C12,1,NA,0,KIT_MOCK
KIT_MOCK1_MG7_H,,8750144,8187388,562756,0.064313913,FALSE,KIT_MOCK1_MG7_H11,0,7,H11,1,NA,0,KIT_MOCK
KIT_MOCK2_MG7_G,,1137292,1129402,7890,0.006937532,FALSE,KIT_MOCK2_MG7_G11,0,7,G11,2,NA,0,KIT_MOCK
KIT_MOCK3_MG7_F,,0,0,0,0,FALSE,KIT_MOCK3_MG7_F11,0,7,F11,3,NA,0,KIT_MOCK
KIT_MOCK4_MG4_B12,,34582,29208,5374,0.155398762,TRUE,KIT_MOCK4_MG4_B12,0,4,B12,4,NA,0,KIT_MOCK
KIT_MOCK4_MG7_E,,0,0,0,0,FALSE,KIT_MOCK4_MG7_E11,0,7,E11,4,NA,0,KIT_MOCK
KIT_MOCK5_MG6_C3,,1557910,1543128,14782,0.009488353,TRUE,KIT_MOCK5_MG6_C3,0,6,C3,5,NA,0,KIT_MOCK
KIT_MOCK6_MG6_B3,,667198,661686,5512,0.008261416,TRUE,KIT_MOCK6_MG6_B3,0,6,B3,6,NA,0,KIT_MOCK
KIT_MOCK6_MG7,,0,0,0,0,FALSE,KIT_MOCK6_MG7_C11,0,7,C11,6,NA,0,KIT_MOCK
KIT_MOCK7_MG4_A12,,117984,115294,2690,0.022799702,TRUE,KIT_MOCK7_MG4_A12,0,4,A12,7,NA,0,KIT_MOCK
KIT_MOCK7_MG7_B,,0,0,0,0,FALSE,KIT_MOCK7_MG7_B11,0,7,B11,7,NA,0,KIT_MOCK
KIT_NEGCONTROL_MG7_A,,0,0,0,0,FALSE,KIT_NEGCONTROL_MG7_A11,0,7,A11,L,NA,0,KIT_NEGCONTRO
KIT_UNKNOWN_A11_MG2_A,,324324,31242,293082,0.903670404,FALSE,KIT_UNKNOWN_A11_MG2_A11,0,2,A11,N,NA,0,KIT_UNKNOWN_A1
KIT_UNKNOWN_A12_MG2_A12,,62,0,62,1,TRUE,KIT_UNKNOWN_A12_MG2_A12,0,2,A12,N,NA,0,KIT_UNKNOWN_A1
KIT_UNKNOWN_B11_MG2_B,,35110,1988,33122,0.943377955,FALSE,KIT_UNKNOWN_B11_MG2_B11,0,2,B11,N,NA,0,KIT_UNKNOWN_B1
KIT_UNKNOWN_B12_MG2_B12,,3458,222,3236,0.935801041,TRUE,KIT_UNKNOWN_B12_MG2_B12,0,2,B12,N,NA,0,KIT_UNKNOWN_B1
KIT_UNKNOWN_C11_MG2,,172182,9556,162626,0.944500587,FALSE,KIT_UNKNOWN_C11_MG2_C11,0,2,C11,N,NA,0,KIT_UNKNOWN_C1
KIT_UNKNOWN_C12_MG2_C12,,9468,618,8850,0.934727503,TRUE,KIT_UNKNOWN_C12_MG2_C12,0,2,C12,N,NA,0,KIT_UNKNOWN_C1
KIT_UNKNOWN_D11_MG2_D,,252988,17052,235936,0.932597594,FALSE,KIT_UNKNOWN_D11_MG2_D11,0,2,D11,N,NA,0,KIT_UNKNOWN_D1
KIT_UNKNOWN_D12_MG2_D12,,4124,314,3810,0.92386033,TRUE,KIT_UNKNOWN_D12_MG2_D12,0,2,D12,N,NA,0,KIT_UNKNOWN_D1
KIT_UNKNOWN_E11_MG2_E,,21862,1304,20558,0.940353124,FALSE,KIT_UNKNOWN_E11_MG2_E11,0,2,E11,N,NA,0,KIT_UNKNOWN_E1
KIT_UNKNOWN_E12_MG2_E12,,8690,562,8128,0.935327963,TRUE,KIT_UNKNOWN_E12_MG2_E12,0,2,E12,N,NA,0,KIT_UNKNOWN_E1
KIT_UNKNOWN_F11_MG2_F,,9444,620,8824,0.934349852,FALSE,KIT_UNKNOWN_F11_MG2_F11,0,2,F11,N,NA,0,KIT_UNKNOWN_F1
KIT_UNKNOWN_F12_MG2_F12,,6858,470,6388,0.9314669,TRUE,KIT_UNKNOWN_F12_MG2_F12,0,2,F12,N,NA,0,KIT_UNKNOWN_F1
KIT_UNKNOWN_G11_MG2_G,,330172,19820,310352,0.939970682,FALSE,KIT_UNKNOWN_G11_MG2_G11,0,2,G11,N,NA,0,KIT_UNKNOWN_G1
KIT_UNKNOWN_G12_MG2_G12,,8316,596,7720,0.928330928,TRUE,KIT_UNKNOWN_G12_MG2_G12,0,2,G12,N,NA,0,KIT_UNKNOWN_G1
KIT_UNKNOWN_H11_MG2_H,,24792,2016,22776,0.918683446,FALSE,KIT_UNKNOWN_H11_MG2_H11,0,2,H11,N,NA,0,KIT_UNKNOWN_H1
KIT_UNKNOWN_H12_MG2_H12,,4272,318,3954,0.925561798,TRUE,KIT_UNKNOWN_H12_MG2_H12,0,2,H12,N,NA,0,KIT_UNKNOWN_H1
