,Day,Plate,Well,Culture,Media,Growth Rate,Time to Max Growth,Saturation OD,Rsq
0,1,Plate 1,A1,101,TSB,0.781834111,2.183333333,1.046139111,0.99690111
1,1,Plate 1,A2,105,TSB,0.73400374,2.683333333,1.072567717,0.999225297
2,1,Plate 1,A3,110,TSB,0.750526478,2.683333333,1.014855674,0.999492212
3,1,Plate 1,A4,111,TSB,0.772035781,3.016666667,1.029284782,0.999833907
4,1,Plate 1,A5,182,TSB,0.59514516,3.183333333,1.09984628,0.999324767
5,1,Plate 1,A6,201,TSB,0.554651942,2.85,1.101709002,0.999692801
6,1,Plate 1,A7,202,TSB,0.61179305,3.35,1.094856826,0.998991287
7,1,Plate 1,A8,204,TSB,0.884653719,2.85,1.067141863,0.994439556
8,1,Plate 1,A9,205,TSB,0.71825325,2.683333333,0.834570255,0.999163209
9,1,Plate 1,A10,207,TSB,0.785089537,2.516666667,0.854570282,0.999057758
10,1,Plate 1,A11,208,TSB,0.785377088,3.016666667,1.043995073,0.998557211
11,1,Plate 1,A12,209,TSB,0.88145341,3.183333333,1.01685329,0.997705566
12,1,Plate 1,B1,210,TSB,0.777529667,4.683333333,1.279563168,0.999691514
13,1,Plate 1,B2,211,TSB,0.644251621,5.683333333,0.923563559,0.998167307
14,1,Plate 1,B3,214,TSB,0.704903512,4.35,1.045709272,0.998246837
15,1,Plate 1,B4,215,TSB,0.529792503,5.516666667,1.051563155,0.998800968
16,1,Plate 1,B5,217,TSB,0.732182771,3.016666667,1.015417728,0.999465298
17,1,Plate 1,B6,218,TSB,0.810082368,4.516666667,1.363856784,0.998795697
18,1,Plate 1,B7,0,TSB,0,18.01666667,0.03496323,0
19,1,Plate 1,B8,220,TSB,0.740153762,3.183333333,1.002139376,0.999381642
20,1,Plate 1,B9,221,TSB,0.970724558,3.85,1.049562086,0.998218192
21,1,Plate 1,B10,222,TSB,0.701351161,2.683333333,1.289132504,0.999698432
22,1,Plate 1,B11,223,TSB,1.041309276,3.35,1.014283219,0.997012547
23,1,Plate 1,B12,224,TSB,1.153013092,3.183333333,1.419714214,0.991815762
24,1,Plate 1,C1,225,TSB,0.639136643,3.683333333,1.064427113,0.999285204
25,1,Plate 1,C2,226,TSB,0.490075852,6.85,0.945424965,0.999075498
26,1,Plate 1,C3,227,TSB,0.68121706,4.683333333,0.827422554,0.998953979
27,1,Plate 1,C4,228,TSB,0.723323798,2.85,1.282992203,0.999690321
28,1,Plate 1,C5,229,TSB,0.657263817,4.016666667,0.918425015,0.99893642
29,1,Plate 1,C6,230,TSB,0.546015826,5.35,1.052854914,0.998942245
30,1,Plate 1,C7,231,TSB,0.69435804,2.683333333,1.091847403,0.998633511
31,1,Plate 1,C8,232,TSB,0.491440298,3.35,0.957997017,0.996028772
32,1,Plate 1,C9,233,TSB,1.138674024,4.35,1.087853538,0.997117951
33,1,Plate 1,C10,235,TSB,0.682879282,3.016666667,0.938713263,0.999521445
34,1,Plate 1,C11,236,TSB,0.876138566,3.183333333,1.0105665,0.997670047
35,1,Plate 1,C12,237,TSB,0.955135069,2.85,1.285131024,0.998456783
36,1,Plate 1,D1,238,TSB,0.629196142,4.683333333,1.089712487,0.999917853
37,1,Plate 1,D2,239,TSB,0.754839886,2.85,1.044281921,0.999649454
38,1,Plate 1,D3,240,TSB,0.789332969,3.183333333,1.092284836,0.997850913
39,1,Plate 1,D4,241,TSB,0.64466664,5.016666667,1.021418516,0.999666267
40,1,Plate 1,D5,242,TSB,0.828627579,3.016666667,1.038131774,0.999147649
41,1,Plate 1,D6,243,TSB,0.830621303,4.183333333,1.065855075,0.998772578
42,1,Plate 1,D7,244,TSB,0.690175932,3.183333333,1.08114148,0.996284284
43,1,Plate 1,D8,248,TSB,0.577974311,3.016666667,1.053282225,0.999354229
44,1,Plate 1,D9,249,TSB,0.946283572,3.183333333,0.871996887,0.991100336
45,1,Plate 1,D10,250,TSB,0.754251334,2.683333333,1.127120515,0.999188894
46,1,Plate 1,D11,251,TSB,0.713415883,3.016666667,0.715418806,0.998210146
47,1,Plate 1,D12,252,TSB,0.813053304,3.183333333,1.259711255,0.993354863
48,1,Plate 1,E1,253,TSB,0.628417388,4.516666667,1.110708276,0.999566255
49,1,Plate 1,E2,257,TSB,0.71519361,2.85,1.062998119,0.99938994
50,1,Plate 1,E3,260,TSB,0.719121539,5.183333333,1.045567621,0.999874023
51,1,Plate 1,E4,261,TSB,0.783880677,4.35,0.931852935,0.999761154
52,1,Plate 1,E5,262,TSB,0.596016544,6.183333333,1.16970968,0.996360426
53,1,Plate 1,E6,263,TSB,0.585933157,2.183333333,0.980571012,0.99662103
54,1,Plate 1,E7,264,TSB,0.744318757,2.016666667,1.362421451,0.995251642
55,1,Plate 1,E8,273,TSB,0.684090357,3.016666667,0.951991597,0.997502465
56,1,Plate 1,E9,282,TSB,0.789184096,2.516666667,1.068137316,0.996261716
57,1,Plate 1,E10,283,TSB,0,18.01666667,1.073423933,0
58,1,Plate 1,E11,284,TSB,0.835065889,2.183333333,1.076140941,0.997658135
59,1,Plate 1,E12,285,TSB,0.871939924,3.183333333,1.408999899,0.998737844
60,1,Plate 1,F1,287,TSB,0.789954541,4.183333333,1.398409434,0.999965399
61,1,Plate 1,F2,288,TSB,0.747878888,4.683333333,1.041383693,0.999255792
62,1,Plate 1,F3,289,TSB,0.860201209,3.683333333,1.070568645,0.999742621
63,1,Plate 1,F4,290,TSB,0.784767466,3.016666667,1.428285643,0.999150123
64,1,Plate 1,F5,291,TSB,0.716461287,4.016666667,1.033855288,0.998813088
65,1,Plate 1,F6,292,TSB,0.722244281,3.85,1.042853523,0.999586861
66,1,Plate 1,F7,300,TSB,0.710553323,2.683333333,1.077140014,0.994862024
67,1,Plate 1,F8,301,TSB,0.638853903,3.516666667,0.948283046,0.99993284
68,1,Plate 1,F9,302,TSB,0.677756832,3.016666667,0.938999392,0.999716571
69,1,Plate 1,F10,303,TSB,0.76344948,3.183333333,1.030997643,0.998405897
70,1,Plate 1,F11,307,TSB,0.679503784,4.35,0.865857072,0.999523426
71,1,Plate 1,F12,0,TSB,0,18.01666667,0.021422882,0
72,1,Plate 1,G1,310,TSB,0.700681691,4.516666667,1.029712382,0.999364573
73,1,Plate 1,G2,311,TSB,0.65287613,5.516666667,1.307842887,0.999126244
74,1,Plate 1,G3,312,TSB,1.063736149,3.016666667,1.086571316,0.994578863
75,1,Plate 1,G4,313,TSB,0.777454708,4.016666667,0.775616722,0.999310922
76,1,Plate 1,G5,314,TSB,0.691004143,4.683333333,1.025279344,0.997713094
77,1,Plate 1,G6,229,TSB,0.662176239,3.683333333,0.935854785,0.999258045
78,1,Plate 1,G7,233,TSB,0.760071471,3.683333333,1.090998559,0.998988072
79,1,Plate 1,G8,257,TSB,0.821612923,3.183333333,1.013998028,0.998627121
80,1,Plate 1,G9,284,TSB,0.696798284,2.683333333,1.05885425,0.997460631
81,1,Plate 1,G10,341,TSB,0.973704743,3.183333333,1.037275838,0.998573101
82,1,Plate 1,G11,901,TSB,0.7795564,2.85,0.965131096,0.999540981
83,1,Plate 1,G12,902,TSB,0.778610181,3.35,1.063848085,0.999833792
84,1,Plate 1,H1,317,TSB,0.783755808,3.183333333,1.076423946,0.998024797
85,1,Plate 1,H2,318,TSB,0.794864477,3.183333333,1.031569647,0.999245306
86,1,Plate 1,H3,320,TSB,0.627928238,3.183333333,1.038711708,0.998925842
87,1,Plate 1,H4,321,TSB,0.662659633,3.016666667,0.811113475,0.997807256
88,1,Plate 1,H5,324,TSB,0.623177815,4.516666667,1.010282217,0.999847583
89,1,Plate 1,H6,325,TSB,0.742976348,2.85,1.031711141,0.998860885
90,1,Plate 1,H7,326,TSB,0.668254543,2.683333333,1.006422346,0.998525488
91,1,Plate 1,H8,327,TSB,0.951211476,3.016666667,0.802563435,0.995353806
92,1,Plate 1,H9,330,TSB,0.750593003,4.516666667,1.317999458,0.997792974
93,1,Plate 1,H10,331,TSB,1.157106711,3.35,0.993851621,0.997705888
94,1,Plate 1,H11,340,TSB,0.812912836,3.35,1.251999658,0.995180701
95,1,Plate 1,H12,341,TSB,0.926006782,3.016666667,1.046280291,0.998935701
96,1,Plate 2,A1,101,TSB,0.770299838,3.833333333,1.037996009,0.998511341
97,1,Plate 2,A2,105,TSB,0.795945965,4,1.059281572,0.998941473
98,1,Plate 2,A3,110,TSB,0.823022455,3.5,1.237711318,0.99947916
99,1,Plate 2,A4,111,TSB,0.812787206,3.5,1.027570753,0.999207794
100,1,Plate 2,A5,182,TSB,0.635906949,5.166666667,1.08842439,0.999289798
101,1,Plate 2,A6,201,TSB,0.570921616,6,1.117641154,0.99942725
102,1,Plate 2,A7,202,TSB,0.5865833,6,1.084563927,0.999574423
103,1,Plate 2,A8,204,TSB,0.821295285,4.166666667,1.077709949,0.999344442
104,1,Plate 2,A9,205,TSB,0.713253863,4.666666667,0.816140857,0.99982525
105,1,Plate 2,A10,207,TSB,0.739812777,4.166666667,0.833568537,0.999743332
106,1,Plate 2,A11,208,TSB,0.822137119,4.5,1.08242793,0.999720924
107,1,Plate 2,A12,209,TSB,0.780917704,4.833333333,1.063855339,0.999316005
108,1,Plate 2,B1,210,TSB,0.746079137,4.833333333,1.283850297,0.998977919
109,1,Plate 2,B2,211,TSB,0.674781734,5.5,0.913134654,0.998563047
110,1,Plate 2,B3,214,TSB,0.746276671,4.5,1.055997294,0.998133841
111,1,Plate 2,B4,215,TSB,0.623734318,5.333333333,1.040854338,0.999457657
112,1,Plate 2,B5,217,TSB,0.801928168,4,1.010142089,0.99943105
113,1,Plate 2,B6,218,TSB,0.874115311,4.5,1.36657113,0.999129946
114,1,Plate 2,B7,0,TSB,0,18.01666667,0.027551517,0
115,1,Plate 2,B8,220,TSB,0.718652429,5,1.040285341,0.999593932
116,1,Plate 2,B9,221,TSB,0.752092837,5,1.062141992,0.999905474
117,1,Plate 2,B10,222,TSB,0.928278521,4.5,1.001999572,0.998694591
118,1,Plate 2,B11,223,TSB,0.884559873,4.333333333,1.016998736,0.999607169
119,1,Plate 2,B12,224,TSB,0.891273474,4,1.385857099,0.999833408
120,1,Plate 2,C1,225,TSB,0.605411048,3.5,1.040142249,0.999295658
121,1,Plate 2,C2,226,TSB,0.504446993,6.666666667,0.921997054,0.999289509
122,1,Plate 2,C3,227,TSB,0.64701172,4.666666667,0.802709705,0.999111486
123,1,Plate 2,C4,228,TSB,0.755216866,4.333333333,1.115708558,0.999266763
124,1,Plate 2,C5,229,TSB,0.645636911,5.666666667,0.91399375,0.998325535
125,1,Plate 2,C6,230,TSB,0.679749911,4.833333333,1.049141709,0.999879143
126,1,Plate 2,C7,231,TSB,0.863998164,4.333333333,1.125849475,0.999336812
127,1,Plate 2,C8,232,TSB,0.485577023,6.5,0.949852114,0.999651521
128,1,Plate 2,C9,233,TSB,0.839350361,5.833333333,1.101710173,0.998017472
129,1,Plate 2,C10,235,TSB,0.804315531,4.5,0.961571301,0.999435298
130,1,Plate 2,C11,236,TSB,0.873498797,4.5,1.056991753,0.99902698
131,1,Plate 2,C12,237,TSB,0.919702106,4,1.239282173,0.999294601
132,1,Plate 2,D1,238,TSB,0.6244812,3.666666667,0.975854883,0.99987317
133,1,Plate 2,D2,239,TSB,0.77528484,2.833333333,1.023852332,0.99982571
134,1,Plate 2,D3,240,TSB,0.774995473,3.666666667,1.057855195,0.999625871
135,1,Plate 2,D4,241,TSB,0.729518318,4.833333333,1.025702368,0.999763717
136,1,Plate 2,D5,242,TSB,0.740885376,3.333333333,1.037709785,0.999578124
137,1,Plate 2,D6,243,TSB,0.823379836,4.166666667,1.045712823,0.998607968
138,1,Plate 2,D7,244,TSB,0.830988969,4.333333333,1.077855231,0.999684565
139,1,Plate 2,D8,248,TSB,0.669496187,4.833333333,1.061569564,0.999750638
140,1,Plate 2,D9,249,TSB,0.771503909,4.333333333,0.889569042,0.999158838
141,1,Plate 2,D10,250,TSB,0.609094895,4.5,1.02627283,0.999710075
142,1,Plate 2,D11,251,TSB,0.701178562,4.833333333,0.728977679,0.999408525
143,1,Plate 2,D12,252,TSB,0.740616362,4.666666667,0.964708994,0.999651421
144,1,Plate 2,E1,253,TSB,0.619936724,3.166666667,1.068262892,0.999357642
145,1,Plate 2,E2,257,TSB,0.807260348,2.833333333,1.026998748,0.998575055
146,1,Plate 2,E3,260,TSB,0.578318018,5.833333333,1.025709727,0.997213192
147,1,Plate 2,E4,261,TSB,0.768848906,3.833333333,0.902137562,0.999747682
148,1,Plate 2,E5,262,TSB,0.646722375,5.666666667,1.170852088,0.999000016
149,1,Plate 2,E6,263,TSB,0.709050524,2.166666667,0.99385665,0.998286915
150,1,Plate 2,E7,264,TSB,0.609828387,2.5,1.364428482,0.998459347
151,1,Plate 2,E8,273,TSB,0.69921198,4.333333333,0.972994566,0.999186063
152,1,Plate 2,E9,282,TSB,0.678955478,4.333333333,1.086995268,0.998990394
153,1,Plate 2,E10,283,TSB,0.70709366,4.333333333,1.07713975,0.99947498
154,1,Plate 2,E11,284,TSB,0.696229195,3,1.083712742,0.999428501
155,1,Plate 2,E12,285,TSB,0.915897765,3.833333333,1.11456696,0.99974761
156,1,Plate 2,F1,287,TSB,0.832247414,3.5,1.336567274,0.998834151
157,1,Plate 2,F2,288,TSB,0.733613063,3.5,1.037706058,0.999224614
158,1,Plate 2,F3,289,TSB,0.863894524,3,1.046426815,0.999200129
159,1,Plate 2,F4,290,TSB,0.78322385,3.333333333,1.434714215,0.999665512
160,1,Plate 2,F5,291,TSB,0.777087527,4,1.017142235,0.998965293
161,1,Plate 2,F6,292,TSB,0.777558677,4.166666667,1.05428345,0.998747265
162,1,Plate 2,F7,300,TSB,0.662404548,3,1.082283376,0.998187832
163,1,Plate 2,F8,301,TSB,0.742711244,4.166666667,0.976141915,0.999280467
164,1,Plate 2,F9,302,TSB,0.779248576,4.333333333,0.958142793,0.999499662
165,1,Plate 2,F10,303,TSB,0.80805077,4.333333333,1.056417101,0.998812221
166,1,Plate 2,F11,307,TSB,0.755800208,5,0.887570647,0.998972551
167,1,Plate 2,F12,0,TSB,0,18.01666667,0.024710108,0
168,1,Plate 2,G1,310,TSB,0.669307804,4.666666667,1.007569179,0.998438245
169,1,Plate 2,G2,311,TSB,0.638937771,5.666666667,1.294950205,0.998617733
170,1,Plate 2,G3,312,TSB,0.876418558,3,1.074142667,0.997669142
171,1,Plate 2,G4,313,TSB,0.745015584,3.833333333,0.776914775,0.9994774
172,1,Plate 2,G5,314,TSB,0.687422622,4.5,1.009569186,0.997867919
173,1,Plate 2,G6,229,TSB,0.734633933,5,0.923140316,0.999229535
174,1,Plate 2,G7,233,TSB,0.701943848,5.166666667,1.10056911,0.998301767
175,1,Plate 2,G8,257,TSB,0.739432288,4.166666667,1.050142119,0.999861508
176,1,Plate 2,G9,284,TSB,0.718600668,3.333333333,1.081569333,0.999248343
177,1,Plate 2,G10,341,TSB,0.810304241,3.666666667,1.30399682,0.999720602
178,1,Plate 2,G11,901,TSB,0.889059634,3.666666667,1.003989465,0.998994164
179,1,Plate 2,G12,902,TSB,0.810316663,3.5,1.020283234,0.999498354
180,1,Plate 2,H1,317,TSB,0.72284001,3,1.38984867,0.998892472
181,1,Plate 2,H2,318,TSB,0.736861529,3.666666667,1.020141255,0.999935791
182,1,Plate 2,H3,320,TSB,0.617163824,3,1.03257048,0.999757942
183,1,Plate 2,H4,321,TSB,0.652952796,3,0.822549538,0.998614236
184,1,Plate 2,H5,324,TSB,0.648509923,5,1.021853868,0.998988611
185,1,Plate 2,H6,325,TSB,0.850429389,4.333333333,1.042569117,0.999055096
186,1,Plate 2,H7,326,TSB,0.649414765,5,1.010711498,0.999481434
187,1,Plate 2,H8,327,TSB,0.900785057,3.666666667,0.82514261,0.99968082
188,1,Plate 2,H9,330,TSB,0.919905789,4.333333333,1.319570794,0.998746994
189,1,Plate 2,H10,331,TSB,0.84327194,3.833333333,1.376554212,0.999847212
190,1,Plate 2,H11,340,TSB,0.725335709,4.833333333,1.270142696,0.99938999
191,1,Plate 2,H12,341,TSB,0.868393068,3.666666667,1.077712334,0.999963752
192,1,Plate 3,A1,117,TSB,0.638257318,3,0.982278923,0.999364726
193,1,Plate 3,A2,904,TSB,0.519762864,5.333333333,0.888541351,0.999910841
194,1,Plate 3,A3,142,TSB,0.928049214,3.5,1.024995958,0.999036441
195,1,Plate 3,A4,159,TSB,1.234104842,3.166666667,0.937140965,0.993984878
196,1,Plate 3,A5,905,TSB,0.300998075,6.666666667,0.472144576,0.992207111
197,1,Plate 3,A6,234,TSB,1.044658627,4,1.39499959,0.996116071
198,1,Plate 3,A7,245,TSB,0.710879495,2.666666667,0.987284743,0.999212306
199,1,Plate 3,A8,254,TSB,0.992254129,2.833333333,0.986854042,0.997555648
200,1,Plate 3,A9,907,TSB,0,18.01666667,0.027561946,0
201,1,Plate 3,A10,255,TSB,0.668750115,3.5,0.970127746,0.997768968
202,1,Plate 3,A11,256,TSB,0.813788831,2.666666667,0.965571154,0.999586015
203,1,Plate 3,A12,908,TSB,0,18.01666667,0.018853811,0
204,1,Plate 3,B1,258,TSB,1.283086909,3.333333333,1.024283801,0.993943346
205,1,Plate 3,B2,229,TSB,1.055480129,5,0.884126619,0.997251215
206,1,Plate 3,B3,912,TSB,0.844215719,1.666666667,1.144548718,0.99937443
207,1,Plate 3,B4,233,TSB,1.210705334,4,1.077278452,0.997407406
208,1,Plate 3,B5,913,TSB,0.935292502,1.833333333,1.069564747,0.99771164
209,1,Plate 3,B6,259,TSB,0.533273257,3.5,0.894273309,0.999948317
210,1,Plate 3,B7,265,TSB,1.442740709,3.166666667,1.468632862,0.992850654
211,1,Plate 3,B8,266,TSB,1.338967899,3,1.039261205,0.994194756
212,1,Plate 3,B9,267,TSB,0.559357254,9.5,0.60833555,0.999523028
213,1,Plate 3,B10,269,TSB,0.688813094,5.333333333,1.037134409,0.999392213
214,1,Plate 3,B11,914,TSB,1.082395615,1.833333333,1.09056045,0.99650156
215,1,Plate 3,B12,270,TSB,0.789720311,3.666666667,1.272129877,0.999369332
216,1,Plate 3,C1,271,TSB,0.738854103,4.166666667,1.308071178,0.999779667
217,1,Plate 3,C2,915,TSB,1.016311129,2,1.090709476,0.997602057
218,1,Plate 3,C3,272,TSB,0.903793143,3.333333333,1.077567866,0.996096304
219,1,Plate 3,C4,916,TSB,0.905425396,1.833333333,0.994707717,0.999053726
220,1,Plate 3,C5,274,TSB,1.211195869,3,1.034854736,0.992205048
221,1,Plate 3,C6,277,TSB,1.197076459,3,1.027568388,0.993346187
222,1,Plate 3,C7,278,TSB,0.742747937,2.666666667,0.979619238,0.998829599
223,1,Plate 3,C8,257,TSB,1.048387094,3.333333333,1.001999715,0.997874719
224,1,Plate 3,C9,279,TSB,0.520999484,4,1.029999445,0.999865985
225,1,Plate 3,C10,917,TSB,0.496223479,6.166666667,0.980264475,0.995883763
226,1,Plate 3,C11,923,TSB,0.565219115,2.833333333,0.981425538,0.996218919
227,1,Plate 3,C12,280,TSB,1.182914924,3.166666667,1.431972842,0.994533134
228,1,Plate 3,D1,286,TSB,0.674270921,3.5,1.416566404,0.999618843
229,1,Plate 3,D2,924,TSB,0.161938764,8.5,1.098134996,0.990669588
230,1,Plate 3,D3,925,TSB,0.782720477,3.166666667,1.116710483,0.998588439
231,1,Plate 3,D4,928,TSB,1.09533112,3,1.252630007,0.999211764
232,1,Plate 3,D5,293,TSB,1.399349775,2.666666667,0.981680359,0.991353635
233,1,Plate 3,D6,929,TSB,0.803339148,2.333333333,1.132767582,0.998544107
234,1,Plate 3,D7,294,TSB,0.84226334,2.833333333,1.012854967,0.996650098
235,1,Plate 3,D8,295,TSB,1.310163368,2.833333333,0.930142484,0.99207197
236,1,Plate 3,D9,296,TSB,0.507461204,3.5,0.935854788,0.999448668
237,1,Plate 3,D10,930,TSB,1.194403384,2.666666667,1.363646111,0.998494926
238,1,Plate 3,D11,297,TSB,0.725546584,3.833333333,1.075695583,0.998521684
239,1,Plate 3,D12,931,TSB,0.858275243,1.5,1.112114863,0.995772772
240,1,Plate 3,E1,284,TSB,1.022196565,2.833333333,1.289258606,0.996458685
241,1,Plate 3,E2,932,TSB,1.179496345,3,1.2426473,0.996804789
242,1,Plate 3,E3,298,TSB,0.730913402,4,1.039558545,0.999790906
243,1,Plate 3,E4,299,TSB,1.013099725,2.666666667,1.037998348,0.998416693
244,1,Plate 3,E5,341,TSB,1.192170226,3.166666667,1.045712001,0.997693681
245,1,Plate 3,E6,933,TSB,1.246547602,2.666666667,1.318413033,0.997648727
246,1,Plate 3,E7,305,TSB,0,18.01666667,0.026539951,0
247,1,Plate 3,E8,306,TSB,0,18.01666667,0.02414037,0
248,1,Plate 3,E9,934,TSB,1.132939943,3,1.344011864,0.996967437
249,1,Plate 3,E10,308,TSB,0.807174905,2.5,1.019284071,0.995505451
250,1,Plate 3,E11,935,TSB,0.799547313,2,1.217376613,0.99750362
251,1,Plate 3,E12,937,TSB,0.753729596,3,1.028998751,0.999081303
252,1,Plate 3,F1,316,TSB,1.244536291,3,0.961428295,0.9953727
253,1,Plate 3,F2,938,TSB,0.774004695,3,1.047695382,0.998585065
254,1,Plate 3,F3,944,TSB,0,18.01666667,0.03012202,0
255,1,Plate 3,F4,319,TSB,0.754232912,2.5,0.992994823,0.998692887
256,1,Plate 3,F5,322,TSB,0.864421946,3,1.070836327,0.997164922
257,1,Plate 3,F6,945,TSB,1.202681345,2.5,0.795005298,0.996611239
258,1,Plate 3,F7,947,TSB,1.077479539,2.5,0.947701633,0.997735923
259,1,Plate 3,F8,323,TSB,0.764501599,3.833333333,1.007833477,0.999324924
260,1,Plate 3,F9,0,TSB,0,18.01666667,0.021,0
261,1,Plate 3,F10,954,TSB,0,18.01666667,0.028562273,0
262,1,Plate 3,F11,332,TSB,0.749476231,2.666666667,0.978713013,0.997481929
263,1,Plate 3,F12,956,TSB,0,18.01666667,0.018272976,0
264,1,Plate 3,G1,333,TSB,0.836995565,3.666666667,1.061713517,0.99661663
265,1,Plate 3,G2,334,TSB,0.836589993,3.5,1.039713088,0.999829147
266,1,Plate 3,G3,958,TSB,0,18.01666667,0.031345695,0
267,1,Plate 3,G4,335,TSB,0.830610013,3.166666667,0.972710217,0.999935179
268,1,Plate 3,G5,336,TSB,0,18.01666667,0.025833266,0
269,1,Plate 3,G6,229,TSB,0.753673642,3.833333333,1.032983199,0.999696188
270,1,Plate 3,G7,233,TSB,0.8029866,3.5,1.072569849,0.999017607
271,1,Plate 3,G8,257,TSB,0.885805104,2.833333333,1.023428173,0.997831008
272,1,Plate 3,G9,284,TSB,1.002371739,2.5,1.047995636,0.997006307
273,1,Plate 3,G10,341,TSB,1.159589328,3.166666667,1.039283689,0.99768354
274,1,Plate 3,G11,959,TSB,0.655684396,6.166666667,0.563720196,0.995707852
275,1,Plate 3,G12,337,TSB,0.927132371,2.833333333,1.038136891,0.998100693
276,1,Plate 3,H1,338,TSB,0.873512039,3.333333333,1.000712184,0.999684116
277,1,Plate 3,H2,339,TSB,1.258150922,3.333333333,1.315750134,0.992925482
278,1,Plate 3,H3,342,TSB,0.621723364,3.5,1.08599592,0.999517551
279,1,Plate 3,H4,343,TSB,0.490836888,9.333333333,1.047530486,0.998075197
280,1,Plate 3,H5,961,TSB,0,18.01666667,0.026813752,0
281,1,Plate 3,H6,344,TSB,0.668398371,5.166666667,0.946140829,0.999283607
282,1,Plate 3,H7,346,TSB,0.678465886,3.833333333,1.013563129,0.999412043
283,1,Plate 3,H8,347,TSB,0.634774036,6,1.022140701,0.998382668
284,1,Plate 3,H9,348,TSB,1.09207092,2.833333333,1.044405874,0.996983089
285,1,Plate 3,H10,963,TSB,0,18.01666667,0.024423578,0
286,1,Plate 3,H11,349,TSB,0.851021527,3.5,1.351977686,0.999862329
287,1,Plate 3,H12,350,TSB,0,18.01666667,0.025276377,0
288,1,Plate 4,A1,117,TSB,0.627831166,2.666666667,0.981987468,0.999396142
289,1,Plate 4,A2,904,TSB,0.512620046,5.166666667,0.891827103,0.999781419
290,1,Plate 4,A3,142,TSB,0.80432014,3.833333333,1.033281191,0.999453513
291,1,Plate 4,A4,159,TSB,0.842550781,3,0.943419211,0.996759264
292,1,Plate 4,A5,905,TSB,0.321127214,11.5,0.506009293,0.999492363
293,1,Plate 4,A6,234,TSB,1.263208035,3.833333333,1.054281015,0.997238752
294,1,Plate 4,A7,245,TSB,1.254369006,3,1.242315708,0.995033436
295,1,Plate 4,A8,254,TSB,1.258970415,2.666666667,1.213944144,0.996220781
296,1,Plate 4,A9,907,TSB,0,18.01666667,0.023140265,0
297,1,Plate 4,A10,255,TSB,0.753213079,3.666666667,0.967986566,0.997259353
298,1,Plate 4,A11,256,TSB,0.830040188,2.666666667,0.963142497,0.999806681
299,1,Plate 4,A12,908,TSB,0,18.01666667,0.019,0
300,1,Plate 4,B1,258,TSB,1.1442202,3.333333333,1.021855126,0.994714897
301,1,Plate 4,B2,229,TSB,1.125350366,5,0.887711756,0.998378677
302,1,Plate 4,B3,912,TSB,0.8741166,2,1.045136783,0.997851939
303,1,Plate 4,B4,233,TSB,1.017183155,4,1.073136137,0.997865871
304,1,Plate 4,B5,913,TSB,0.937652271,1.833333333,1.06785655,0.996075107
305,1,Plate 4,B6,259,TSB,0.522310831,4,0.883130954,0.999761096
306,1,Plate 4,B7,265,TSB,0,18.01666667,1.494062115,0
307,1,Plate 4,B8,266,TSB,1.278650664,3,1.032136162,0.992302998
308,1,Plate 4,B9,267,TSB,0.607464708,10.5,0.962030735,0.998321901
309,1,Plate 4,B10,269,TSB,0.730462228,4,1.003564906,0.99859594
310,1,Plate 4,B11,914,TSB,1.09284158,1.666666667,1.093845329,0.996062475
311,1,Plate 4,B12,270,TSB,0.776128869,4,1.267423513,0.998933823
312,1,Plate 4,C1,271,TSB,0.741894931,3,0.984422216,0.999092078
313,1,Plate 4,C2,915,TSB,1.071286677,1.833333333,1.084996444,0.997206028
314,1,Plate 4,C3,272,TSB,0.982152454,3.333333333,1.054422363,0.998298562
315,1,Plate 4,C4,916,TSB,0.857216079,1.833333333,1.002995583,0.997907233
316,1,Plate 4,C5,274,TSB,1.261275782,3,1.028711686,0.990803369
317,1,Plate 4,C6,277,TSB,0.835691,2.666666667,1.023283659,0.998706498
318,1,Plate 4,C7,278,TSB,0.619294844,2.833333333,1.119360765,0.998847791
319,1,Plate 4,C8,257,TSB,1.143856923,3.166666667,1.005285328,0.995061584
320,1,Plate 4,C9,279,TSB,0.521615295,4.333333333,1.034142522,0.999839813
321,1,Plate 4,C10,917,TSB,0.534393419,2.666666667,0.966697315,0.999207735
322,1,Plate 4,C11,923,TSB,0.680885239,5.833333333,0.982850544,0.999368418
323,1,Plate 4,C12,280,TSB,0.911707267,3,1.426856699,0.998601199
324,1,Plate 4,D1,286,TSB,0.734659232,2.833333333,1.413712193,0.996586827
325,1,Plate 4,D2,924,TSB,0.54948481,2.666666667,1.085992367,0.997237855
326,1,Plate 4,D3,925,TSB,0.788600883,3.166666667,1.113851829,0.997550551
327,1,Plate 4,D4,928,TSB,1.237052494,2.5,1.325074603,0.997319767
328,1,Plate 4,D5,293,TSB,1.458449277,2.666666667,1.064745727,0.990057767
329,1,Plate 4,D6,929,TSB,0.79939821,2.333333333,1.124200497,0.996427423
330,1,Plate 4,D7,294,TSB,0.79747555,2.833333333,1.006709505,0.997710184
331,1,Plate 4,D8,295,TSB,0.964569838,2.5,0.941284544,0.993073543
332,1,Plate 4,D9,296,TSB,0.504047532,6.833333333,0.927139402,0.995148009
333,1,Plate 4,D10,930,TSB,1.14324636,2.666666667,1.283229164,0.998134236
334,1,Plate 4,D11,297,TSB,0.678827673,3.666666667,1.062125162,0.999224661
335,1,Plate 4,D12,931,TSB,0.754851479,1.5,1.13226786,0.995518984
336,1,Plate 4,E1,284,TSB,0.986714069,2.833333333,1.308218932,0.998490351
337,1,Plate 4,E2,932,TSB,0.890987776,3.5,1.007713901,0.99824227
338,1,Plate 4,E3,298,TSB,0.732946335,4.166666667,1.04928113,0.999703587
339,1,Plate 4,E4,299,TSB,0.797327494,2.666666667,1.037855569,0.999287058
340,1,Plate 4,E5,341,TSB,0.910216898,2.833333333,1.058994605,0.999249411
341,1,Plate 4,E6,933,TSB,0.808269388,2.833333333,1.111423966,0.999894839
342,1,Plate 4,E7,305,TSB,0,18.01666667,0.024698806,0
343,1,Plate 4,E8,306,TSB,0,18.01666667,0.025276377,0
344,1,Plate 4,E9,934,TSB,0.836718573,2.833333333,1.131704089,0.999976816
345,1,Plate 4,E10,308,TSB,0.688857539,3.666666667,1.026695056,0.999726584
346,1,Plate 4,E11,935,TSB,0.728174955,2.166666667,1.286856826,0.999639133
347,1,Plate 4,E12,937,TSB,0.784755476,3.833333333,1.285018383,0.999829286
348,1,Plate 4,F1,316,TSB,1.036382279,2.833333333,0.950714028,0.995280345
349,1,Plate 4,F2,938,TSB,0.78948769,2.833333333,1.039139636,0.99785357
350,1,Plate 4,F3,944,TSB,0,18.01666667,0.026135029,0
351,1,Plate 4,F4,319,TSB,1.058937953,2.666666667,0.99241966,0.998847362
352,1,Plate 4,F5,322,TSB,1.107635104,3.166666667,1.067569976,0.992819969
353,1,Plate 4,F6,945,TSB,1.13454152,2.333333333,0.522002216,0.995838303
354,1,Plate 4,F7,947,TSB,0.699962338,4.833333333,1.500948943,0.995616067
355,1,Plate 4,F8,323,TSB,0.855605019,3.833333333,0.999855367,0.99928746
356,1,Plate 4,F9,0,TSB,0,18.01666667,0.035096685,0
357,1,Plate 4,F10,954,TSB,0,18.01666667,0.021,0
358,1,Plate 4,F11,332,TSB,0.799878804,2.333333333,0.973855317,0.998272745
359,1,Plate 4,F12,956,TSB,0,18.01666667,0.044801912,0
360,1,Plate 4,G1,333,TSB,0.99455619,3.666666667,1.043141977,0.996037507
361,1,Plate 4,G2,334,TSB,1.303490088,3.333333333,0.997995134,0.994314983
362,1,Plate 4,G3,958,TSB,0,18.01666667,0.02811577,0
363,1,Plate 4,G4,335,TSB,0.809357878,3,0.978417318,0.999910267
364,1,Plate 4,G5,336,TSB,0,18.01666667,0.02912626,0
365,1,Plate 4,G6,229,TSB,0.940404455,4.333333333,0.881419694,0.99846579
366,1,Plate 4,G7,233,TSB,1.049300533,3.333333333,1.057569286,0.996108861
367,1,Plate 4,G8,257,TSB,0.968207903,2.833333333,1.008999433,0.998224573
368,1,Plate 4,G9,284,TSB,1.004352348,2.333333333,1.039711714,0.99659818
369,1,Plate 4,G10,341,TSB,0.864413282,3,1.041854477,0.998868859
370,1,Plate 4,G11,959,TSB,0.531783576,10.5,0.5178374,0.991467787
371,1,Plate 4,G12,337,TSB,0.924719012,2.666666667,1.04813051,0.998683817
372,1,Plate 4,H1,338,TSB,0.863573312,3,0.99556987,0.999633494
373,1,Plate 4,H2,339,TSB,1.336036721,2.833333333,1.412613601,0.991563047
374,1,Plate 4,H3,342,TSB,0.708742761,3.333333333,1.061710286,0.99837369
375,1,Plate 4,H4,343,TSB,0.470526753,4,1.052119426,0.998532038
376,1,Plate 4,H5,961,TSB,0,18.01666667,0.028567128,0
377,1,Plate 4,H6,344,TSB,0.634352958,3.833333333,0.9305693,0.999578806
378,1,Plate 4,H7,346,TSB,0.783576571,3.5,0.999849652,0.997960518
379,1,Plate 4,H8,347,TSB,0.618525787,5.5,1.00757074,0.998500434
380,1,Plate 4,H9,348,TSB,0.896217159,2.5,1.044711726,0.998214793
381,1,Plate 4,H10,963,TSB,0,18.01666667,0.027282013,0
382,1,Plate 4,H11,349,TSB,0.827037299,3.5,1.429567344,0.999741683
383,1,Plate 4,H12,350,TSB,0,18.01666667,0.02,0
384,2,Plate 1,A1,101,TSB,0.725975997,2.333333333,1.059425352,0.999564191
385,2,Plate 1,A2,105,TSB,0.709747178,4,1.06599678,0.999206801
386,2,Plate 1,A3,110,TSB,0.736122588,2.666666667,1.026854438,0.999735479
387,2,Plate 1,A4,111,TSB,0.735582094,3,1.021713207,0.999910487
388,2,Plate 1,A5,182,TSB,0.66275427,3,1.096422593,0.999254298
389,2,Plate 1,A6,201,TSB,0.537147986,6.833333333,1.090710395,0.999114874
390,2,Plate 1,A7,202,TSB,0.527408155,7.166666667,1.071139732,0.99924478
391,2,Plate 1,A8,204,TSB,0.812983478,2.5,1.08213963,0.997235596
392,2,Plate 1,A9,205,TSB,0.681796143,2.333333333,0.840849567,0.999293714
393,2,Plate 1,A10,207,TSB,0.648206404,2.5,0.857141287,0.999689081
394,2,Plate 1,A11,208,TSB,0.642519466,2.833333333,1.242855599,0.998810425
395,2,Plate 1,A12,209,TSB,0.811328363,2.666666667,1.327995048,0.998569823
396,2,Plate 1,B1,210,TSB,0.719926448,4.833333333,1.065996783,0.998957983
397,2,Plate 1,B2,211,TSB,0.670679073,5.666666667,0.891842168,0.998948274
398,2,Plate 1,B3,214,TSB,0.750955686,4.333333333,1.063851574,0.999363378
399,2,Plate 1,B4,215,TSB,0.580777543,5.5,1.042567197,0.99915845
400,2,Plate 1,B5,217,TSB,0.707208501,3.166666667,1.024426498,0.999702114
401,2,Plate 1,B6,218,TSB,0.749698205,3.833333333,1.046996586,0.99981628
402,2,Plate 1,B7,0,TSB,0,18.01666667,0.027800015,0
403,2,Plate 1,B8,220,TSB,0.679024319,4.5,1.021427331,0.999877743
404,2,Plate 1,B9,221,TSB,0.775929119,3.166666667,1.145561358,0.999346305
405,2,Plate 1,B10,222,TSB,0.759418308,4.666666667,1.006712907,0.998459021
406,2,Plate 1,B11,223,TSB,0.702020207,3.666666667,1.228428239,0.999853207
407,2,Plate 1,B12,224,TSB,0.881855926,2.833333333,1.134137508,0.998741101
408,2,Plate 1,C1,225,TSB,0.644380706,2.833333333,1.317833559,0.999322091
409,2,Plate 1,C2,226,TSB,0.517303637,9.183333333,0.897423499,0.999748612
410,2,Plate 1,C3,227,TSB,0.652143146,3.333333333,0.797556585,0.997006899
411,2,Plate 1,C4,228,TSB,0.643305114,4.5,1.103412677,0.999607785
412,2,Plate 1,C5,229,TSB,0.662421442,3.666666667,0.933135135,0.999306483
413,2,Plate 1,C6,230,TSB,0.546657202,5.5,1.039710887,0.998811716
414,2,Plate 1,C7,231,TSB,0.663231857,4.666666667,1.097214304,0.997605343
415,2,Plate 1,C8,232,TSB,0.64267064,14.35,0.699528143,0.999654425
416,2,Plate 1,C9,233,TSB,0.807103793,3,1.111713423,0.999464041
417,2,Plate 1,C10,235,TSB,0.677094409,4,0.949570999,0.99966504
418,2,Plate 1,C11,236,TSB,0.610915435,5,1.009279811,0.998869771
419,2,Plate 1,C12,237,TSB,0.818899637,3.166666667,1.01056961,0.999907409
420,2,Plate 1,D1,238,TSB,0.787403538,3,1.076856423,0.998640393
421,2,Plate 1,D2,239,TSB,0.839882261,2.833333333,1.377710891,0.999361744
422,2,Plate 1,D3,240,TSB,0.781250079,2.833333333,1.09714228,0.998847084
423,2,Plate 1,D4,241,TSB,0.644428578,4.5,1.044134852,0.999538111
424,2,Plate 1,D5,242,TSB,0.780319887,2.666666667,1.05442493,0.999285002
425,2,Plate 1,D6,243,TSB,0.721410821,3.833333333,1.051711743,0.999628879
426,2,Plate 1,D7,244,TSB,0.716303319,3,1.05842778,0.99786464
427,2,Plate 1,D8,248,TSB,0.632494109,3.166666667,1.071855886,0.999295193
428,2,Plate 1,D9,249,TSB,0.793455948,2.5,0.875854951,0.997233759
429,2,Plate 1,D10,250,TSB,0.73801032,2.666666667,1.089274201,0.999398569
430,2,Plate 1,D11,251,TSB,0.708222212,2.5,0.743135264,0.997638132
431,2,Plate 1,D12,252,TSB,0.7257932,2.5,0.971280606,0.998230792
432,2,Plate 1,E1,253,TSB,0.704460021,2.833333333,1.037570898,0.999567255
433,2,Plate 1,E2,257,TSB,0.919199943,3.166666667,1.494571347,0.998847763
434,2,Plate 1,E3,260,TSB,0.595224286,4,1.328696905,0.998460711
435,2,Plate 1,E4,261,TSB,0.86229931,3.166666667,0.863135001,0.997639377
436,2,Plate 1,E5,262,TSB,0.593857868,6.833333333,1.266267791,0.997749151
437,2,Plate 1,E6,263,TSB,0.626731707,3,0.963568484,0.99921554
438,2,Plate 1,E7,264,TSB,0.60636026,2.666666667,1.058140774,0.99868533
439,2,Plate 1,E8,273,TSB,0.777287815,2.833333333,0.952708019,0.996956192
440,2,Plate 1,E9,282,TSB,0.797076388,2.666666667,1.087280626,0.997233866
441,2,Plate 1,E10,283,TSB,0.728829392,2.666666667,1.076138549,0.998174788
442,2,Plate 1,E11,284,TSB,0.896462863,2.833333333,1.053711612,0.996139878
443,2,Plate 1,E12,285,TSB,0.934382327,3,1.134851421,0.997862472
444,2,Plate 1,F1,287,TSB,0.782302275,3.166666667,1.064422552,0.999480196
445,2,Plate 1,F2,288,TSB,0.782787764,3,1.066849983,0.998522831
446,2,Plate 1,F3,289,TSB,0.875372735,2.833333333,1.063284543,0.999242505
447,2,Plate 1,F4,290,TSB,0.82844687,3,1.052279777,0.999201317
448,2,Plate 1,F5,291,TSB,0.75293012,4.333333333,1.025140985,0.998515651
449,2,Plate 1,F6,292,TSB,0.733948529,3.166666667,1.056283046,0.999935619
450,2,Plate 1,F7,300,TSB,0.710091174,2.666666667,1.069426586,0.998667758
451,2,Plate 1,F8,301,TSB,0.708922849,4.166666667,0.966142794,0.999726449
452,2,Plate 1,F9,302,TSB,0.683222948,3.833333333,0.95571403,0.999659917
453,2,Plate 1,F10,303,TSB,0.63377963,3,1.02628102,0.9998169
454,2,Plate 1,F11,307,TSB,0.660623679,4.666666667,0.826424445,0.999639983
455,2,Plate 1,F12,0,TSB,0,18.01666667,0.025208919,0
456,2,Plate 1,G1,310,TSB,0.773478433,4.5,1.029568671,0.999426808
457,2,Plate 1,G2,311,TSB,0.620090094,3.166666667,0.784989809,0.996761488
458,2,Plate 1,G3,312,TSB,1.246963793,2.5,1.109856573,0.993374746
459,2,Plate 1,G4,313,TSB,0.672025584,2.166666667,0.775154971,0.999289979
460,2,Plate 1,G5,314,TSB,0.607918168,4,0.991854486,0.999732618
461,2,Plate 1,G6,229,TSB,0.647141116,3.166666667,0.932710956,0.999068721
462,2,Plate 1,G7,233,TSB,0.748764631,3,1.123566108,0.999378523
463,2,Plate 1,G8,257,TSB,0.821883268,3,1.014714185,0.998856322
464,2,Plate 1,G9,284,TSB,0.803500785,2.5,1.062283332,0.997474275
465,2,Plate 1,G10,341,TSB,1.029759545,2.833333333,1.049426548,0.998522628
466,2,Plate 1,G11,901,TSB,0.784891509,2.833333333,0.997986972,0.999287043
467,2,Plate 1,G12,902,TSB,0.729162064,3.833333333,1.012712209,0.999160726
468,2,Plate 1,H1,317,TSB,0.704270088,2.833333333,1.06485628,0.99890109
469,2,Plate 1,H2,318,TSB,0.761112413,3.666666667,1.040855711,0.999807208
470,2,Plate 1,H3,320,TSB,0.610330874,2.833333333,1.038713912,0.999579813
471,2,Plate 1,H4,321,TSB,0.706054598,3,0.795681251,0.997921141
472,2,Plate 1,H5,324,TSB,0.676451698,3,1.03213781,0.999441845
473,2,Plate 1,H6,325,TSB,0.710863033,3.5,1.051855726,0.999885287
474,2,Plate 1,H7,326,TSB,0.607346725,2.5,1.025267268,0.999463693
475,2,Plate 1,H8,327,TSB,0.838601549,2.5,0.803847982,0.999114102
476,2,Plate 1,H9,330,TSB,0.732751546,4.333333333,1.030713909,0.998039881
477,2,Plate 1,H10,331,TSB,0.897679325,2.5,1.02156809,0.998852436
478,2,Plate 1,H11,340,TSB,0.744621898,2.666666667,0.93999696,0.9974143
479,2,Plate 1,H12,341,TSB,0.85934643,2.5,1.065997453,0.999162748
480,2,Plate 2,A1,101,TSB,0.756816191,3.666666667,1.063139306,0.99997765
481,2,Plate 2,A2,105,TSB,0.759266304,3.833333333,1.055137924,0.999956349
482,2,Plate 2,A3,110,TSB,0.795165712,3.166666667,1.025855829,0.99986332
483,2,Plate 2,A4,111,TSB,0.777677629,3.166666667,1.013713198,0.999891449
484,2,Plate 2,A5,182,TSB,0.621993201,3.166666667,1.083706543,0.999394422
485,2,Plate 2,A6,201,TSB,0.540409105,7.016666667,1.074843573,0.999086843
486,2,Plate 2,A7,202,TSB,0.540285367,7.183333333,1.069409453,0.99935172
487,2,Plate 2,A8,204,TSB,0.745663905,2.666666667,1.074712329,0.999121765
488,2,Plate 2,A9,205,TSB,0.627507957,4.166666667,0.83199897,0.999584485
489,2,Plate 2,A10,207,TSB,0.596669385,4.666666667,0.842140749,0.998523946
490,2,Plate 2,A11,208,TSB,0.660078165,5.333333333,1.041996573,0.996848436
491,2,Plate 2,A12,209,TSB,0.682851214,2.666666667,1.056426697,0.9985909
492,2,Plate 2,B1,210,TSB,0.723308645,5,1.007412696,0.998966518
493,2,Plate 2,B2,211,TSB,0.676590688,5.683333333,0.886984683,0.999004017
494,2,Plate 2,B3,214,TSB,0.748644601,4.333333333,1.052136272,0.999582323
495,2,Plate 2,B4,215,TSB,0.604056879,5.333333333,1.030855835,0.999312112
496,2,Plate 2,B5,217,TSB,0.736707995,3.166666667,1.013570461,0.999797056
497,2,Plate 2,B6,218,TSB,0.810935139,3.666666667,1.039546435,0.999934418
498,2,Plate 2,B7,0,TSB,0,18.01666667,0.029326231,0
499,2,Plate 2,B8,220,TSB,0.680399549,4.333333333,1.109427174,0.999975062
500,2,Plate 2,B9,221,TSB,0.665344521,3.333333333,1.056142529,0.999748889
501,2,Plate 2,B10,222,TSB,0.731802008,4.666666667,0.990712885,0.998378831
502,2,Plate 2,B11,223,TSB,0.708983537,3.666666667,1.009713335,0.999774242
503,2,Plate 2,B12,224,TSB,0.897027134,2.833333333,1.135852685,0.998759345
504,2,Plate 2,C1,225,TSB,0.636399058,3,1.344240507,0.999157424
505,2,Plate 2,C2,226,TSB,0.493370666,9.016666667,0.901995882,0.999811212
506,2,Plate 2,C3,227,TSB,0.668473967,3.166666667,0.752989376,0.998285401
507,2,Plate 2,C4,228,TSB,0.6532917,2,1.087991198,0.997419477
508,2,Plate 2,C5,229,TSB,0.671573855,3.333333333,0.911569412,0.998834979
509,2,Plate 2,C6,230,TSB,0.566675392,5.5,1.01256778,0.998895399
510,2,Plate 2,C7,231,TSB,0.659977102,4.5,1.105926028,0.997892691
511,2,Plate 2,C8,232,TSB,0.649899492,14.01666667,0.74974045,0.999556723
512,2,Plate 2,C9,233,TSB,0.693468413,3.333333333,1.096141889,0.99967161
513,2,Plate 2,C10,235,TSB,0.701507441,4,0.954856929,0.999736414
514,2,Plate 2,C11,236,TSB,0.616227996,5,1.004281625,0.999164792
515,2,Plate 2,C12,237,TSB,0.787649375,3.166666667,1.011427036,0.99985351
516,2,Plate 2,D1,238,TSB,0.62966044,3.166666667,1.095141757,0.999962057
517,2,Plate 2,D2,239,TSB,0.724581095,4.166666667,1.404856998,0.999854313
518,2,Plate 2,D3,240,TSB,0.762195504,3.166666667,1.066997594,0.999790668
519,2,Plate 2,D4,241,TSB,0.666920872,4.333333333,1.028137925,0.999831077
520,2,Plate 2,D5,242,TSB,0.72380267,2.666666667,1.037284238,0.999653603
521,2,Plate 2,D6,243,TSB,0.746990875,3.666666667,1.048690105,0.999878419
522,2,Plate 2,D7,244,TSB,0.702007632,3,1.048284389,0.998115126
523,2,Plate 2,D8,248,TSB,0.601709667,3.5,1.053571177,0.999178336
524,2,Plate 2,D9,249,TSB,0.759142421,2.666666667,0.869998357,0.996938378
525,2,Plate 2,D10,250,TSB,0.692284833,2.833333333,1.110090822,0.999698202
526,2,Plate 2,D11,251,TSB,0.562262259,2.5,0.748846969,0.999530587
527,2,Plate 2,D12,252,TSB,0.719324189,2.5,0.974555891,0.99837928
528,2,Plate 2,E1,253,TSB,0.642892791,3.833333333,1.033142245,0.999852181
529,2,Plate 2,E2,257,TSB,0.783353935,2.833333333,1.487857006,0.999090871
530,2,Plate 2,E3,260,TSB,0.612588871,6.35,1.421840904,0.998670926
531,2,Plate 2,E4,261,TSB,0.914950091,3.166666667,0.851280388,0.996644756
532,2,Plate 2,E5,262,TSB,0.598964683,6.85,1.181800455,0.997712938
533,2,Plate 2,E6,263,TSB,0.630148695,3,0.958711347,0.999079158
534,2,Plate 2,E7,264,TSB,0.62235182,2.833333333,1.048284117,0.998442941
535,2,Plate 2,E8,273,TSB,0.657878754,2.833333333,0.937280879,0.998835186
536,2,Plate 2,E9,282,TSB,0.725008594,2.5,1.074568255,0.998670529
537,2,Plate 2,E10,283,TSB,0.668853224,2.666666667,1.066566756,0.998676525
538,2,Plate 2,E11,284,TSB,0.727504458,2.833333333,1.057997433,0.998613739
539,2,Plate 2,E12,285,TSB,0.84974574,3,1.133281084,0.999209138
540,2,Plate 2,F1,287,TSB,0.71493366,3.5,1.041853247,0.999863964
541,2,Plate 2,F2,288,TSB,0.754083026,3.166666667,1.059565792,0.999834498
542,2,Plate 2,F3,289,TSB,0.929372549,2.833333333,1.373268045,0.998991435
543,2,Plate 2,F4,290,TSB,0.821273737,3,1.03013808,0.999170478
544,2,Plate 2,F5,291,TSB,0.670081422,4.333333333,1.016284911,0.998797097
545,2,Plate 2,F6,292,TSB,0.788326119,2.666666667,1.041281771,0.999008765
546,2,Plate 2,F7,300,TSB,0.694021059,2.5,1.06899746,0.998222437
547,2,Plate 2,F8,301,TSB,0.69143474,4.166666667,0.969713591,0.999636413
548,2,Plate 2,F9,302,TSB,0.677953938,3.666666667,0.960712248,0.999840931
549,2,Plate 2,F10,303,TSB,0.636451307,3,1.018998037,0.999649366
550,2,Plate 2,F11,307,TSB,0.637042153,4.666666667,0.837426376,0.999603435
551,2,Plate 2,F12,0,TSB,0,18.01666667,0.025418397,0
552,2,Plate 2,G1,310,TSB,0.749177225,4.5,1.010998163,0.999186694
553,2,Plate 2,G2,311,TSB,0.628740115,5.5,0.762706671,0.998658923
554,2,Plate 2,G3,312,TSB,1.127400057,2.5,1.09628523,0.995016276
555,2,Plate 2,G4,313,TSB,0.732568085,4,0.767457747,0.999874843
556,2,Plate 2,G5,314,TSB,0.573802382,4.166666667,0.974994285,0.999716903
557,2,Plate 2,G6,229,TSB,0.637152295,3.166666667,0.910142633,0.998847308
558,2,Plate 2,G7,233,TSB,0.68768022,3.166666667,1.104856829,0.999710823
559,2,Plate 2,G8,257,TSB,0.738679145,2.833333333,1.013285473,0.999150509
560,2,Plate 2,G9,284,TSB,0.663346854,2.666666667,1.05713996,0.998646615
561,2,Plate 2,G10,341,TSB,0.895601904,2.833333333,1.045140748,0.998920333
562,2,Plate 2,G11,901,TSB,0.833862939,2.666666667,0.978983498,0.999424847
563,2,Plate 2,G12,902,TSB,0.745832092,3.666666667,1.015140686,0.999423861
564,2,Plate 2,H1,317,TSB,0.755600086,2.666666667,1.039855436,0.999326823
565,2,Plate 2,H2,318,TSB,0.743916953,3.5,1.028998889,0.999920857
566,2,Plate 2,H3,320,TSB,0.615709977,3,1.02628325,0.999313227
567,2,Plate 2,H4,321,TSB,0.692089291,3,0.792396808,0.998421786
568,2,Plate 2,H5,324,TSB,0.614710896,4.5,1.021850224,0.999781962
569,2,Plate 2,H6,325,TSB,0.730816163,4,1.024569913,0.999393636
570,2,Plate 2,H7,326,TSB,0.575190094,5.333333333,1.005557772,0.997821835
571,2,Plate 2,H8,327,TSB,0.754612979,2.5,0.802421285,0.999289857
572,2,Plate 2,H9,330,TSB,0.744675412,4.333333333,1.010274727,0.998424977
573,2,Plate 2,H10,331,TSB,0.794228371,2.666666667,1.010845645,0.999151221
574,2,Plate 2,H11,340,TSB,0.708065624,2.666666667,0.929281914,0.998033544
575,2,Plate 2,H12,341,TSB,0.853039192,2.5,1.062140782,0.999330099
576,2,Plate 3,A1,117,TSB,0.747896004,3.85,0.995138198,0.999890929
577,2,Plate 3,A2,904,TSB,0.51273324,5.85,0.905691597,0.999917002
578,2,Plate 3,A3,142,TSB,0.880485122,3.683333333,1.08928326,0.999301283
579,2,Plate 3,A4,159,TSB,0.791917749,3.683333333,0.970428298,0.999908322
580,2,Plate 3,A5,905,TSB,0,18.01666667,0.030553466,0
581,2,Plate 3,A6,234,TSB,0.893812123,5.016666667,1.108284332,0.999370261
582,2,Plate 3,A7,245,TSB,0.8924283,3.683333333,1.012284907,0.999449345
583,2,Plate 3,A8,254,TSB,0.869044239,3.683333333,1.345571338,0.999763229
584,2,Plate 3,A9,907,TSB,0.478441301,6.683333333,0.638409808,0.999403913
585,2,Plate 3,A10,255,TSB,0.429645707,8.516666667,0.920243531,0.998977991
586,2,Plate 3,A11,256,TSB,0.88207937,3.683333333,0.948713275,0.999653565
587,2,Plate 3,A12,908,TSB,0,18.01666667,0.029562579,0
588,2,Plate 3,B1,258,TSB,0.854351398,4.016666667,1.060283866,0.999473728
589,2,Plate 3,B2,229,TSB,0.766364965,4.85,0.93114141,0.999544221
590,2,Plate 3,B3,912,TSB,0.955575813,2.666666667,1.038281622,0.998713664
591,2,Plate 3,B4,233,TSB,0.868590138,4.683333333,1.4178571,0.999608807
592,2,Plate 3,B5,913,TSB,0.929014727,3,1.112284723,0.999555669
593,2,Plate 3,B6,259,TSB,0.556712153,3.683333333,0.885280265,0.999443944
594,2,Plate 3,B7,265,TSB,0.909713839,4.016666667,1.091283526,0.999255436
595,2,Plate 3,B8,266,TSB,0.840281061,4.016666667,1.088998294,0.999611692
596,2,Plate 3,B9,267,TSB,0.469685865,7.183333333,0.746809854,0.999795524
597,2,Plate 3,B10,269,TSB,0.799891192,5.016666667,0.986284161,0.999298065
598,2,Plate 3,B11,914,TSB,0.945633661,2.5,1.119702825,0.99922437
599,2,Plate 3,B12,270,TSB,0.828471072,5.016666667,1.289570225,0.999360973
600,2,Plate 3,C1,271,TSB,0.881247789,4.183333333,1.340142491,0.99956049
601,2,Plate 3,C2,915,TSB,1.006391512,2.333333333,1.128854557,0.99931334
602,2,Plate 3,C3,272,TSB,0.86090776,4.183333333,1.101855532,0.998867912
603,2,Plate 3,C4,916,TSB,0.990205872,2.666666667,0.990141642,0.998775041
604,2,Plate 3,C5,274,TSB,0.888267295,3.683333333,1.068141864,0.9997637
605,2,Plate 3,C6,277,TSB,0.881407874,3.683333333,1.089427277,0.999720238
606,2,Plate 3,C7,278,TSB,0.692579869,4.35,0.850550333,0.999668255
607,2,Plate 3,C8,257,TSB,0.78401269,4.183333333,1.459428488,0.999749163
608,2,Plate 3,C9,279,TSB,0.63780481,4.683333333,1.034427071,0.999943662
609,2,Plate 3,C10,917,TSB,0.651952552,5.016666667,1.009279953,0.999863208
610,2,Plate 3,C11,923,TSB,0.672149456,5.35,1.057851415,0.999926419
611,2,Plate 3,C12,280,TSB,0.792605825,4.183333333,1.400821803,0.999521924
612,2,Plate 3,D1,286,TSB,0.762010371,4.35,1.442141228,0.999790934
613,2,Plate 3,D2,924,TSB,0.66664719,4.516666667,1.145709455,0.999907428
614,2,Plate 3,D3,925,TSB,0.83075847,3.85,1.137422434,0.999884684
615,2,Plate 3,D4,928,TSB,0.918941805,3.683333333,1.093139926,0.999421814
616,2,Plate 3,D5,293,TSB,0.892529803,3.683333333,1.008856657,0.99925429
617,2,Plate 3,D6,929,TSB,0.716691183,3.683333333,0.870267041,0.999615117
618,2,Plate 3,D7,294,TSB,0.775119712,4.183333333,1.079998148,0.999967201
619,2,Plate 3,D8,295,TSB,0.780063992,4.016666667,0.978285172,0.999870382
620,2,Plate 3,D9,296,TSB,0.737293823,4.85,0.958284116,0.999717404
621,2,Plate 3,D10,930,TSB,0.871818175,3.183333333,1.064709624,0.999460074
622,2,Plate 3,D11,297,TSB,0.579108187,8.35,1.028983614,0.999686694
623,2,Plate 3,D12,931,TSB,0.803264231,2.5,1.007849578,0.999431997
624,2,Plate 3,E1,284,TSB,0.670532083,3.35,1.081855633,0.999430007
625,2,Plate 3,E2,932,TSB,0.799456609,3.683333333,1.194984933,0.999743493
626,2,Plate 3,E3,298,TSB,0.886125072,4.183333333,1.071998134,0.999720339
627,2,Plate 3,E4,299,TSB,0.776440106,4.183333333,1.049712963,0.999460951
628,2,Plate 3,E5,341,TSB,0.899748719,3.683333333,1.469138336,0.999810923
629,2,Plate 3,E6,933,TSB,0.921934866,3.35,1.161995081,0.99924967
630,2,Plate 3,E7,305,TSB,0,18.01666667,0.0298364,0
631,2,Plate 3,E8,306,TSB,0,18.01666667,0.025978415,0
632,2,Plate 3,E9,934,TSB,0.903330693,3.683333333,1.181570841,0.999517681
633,2,Plate 3,E10,308,TSB,0.80757752,4.016666667,1.037713774,0.999955032
634,2,Plate 3,E11,935,TSB,0.848750177,3.35,0.919282026,0.9992962
635,2,Plate 3,E12,937,TSB,0.848754567,3.683333333,1.371999792,0.99987476
636,2,Plate 3,F1,316,TSB,0.843329521,4.016666667,0.994427443,0.999720132
637,2,Plate 3,F2,938,TSB,0.767549605,3.5,1.033507118,0.999632419
638,2,Plate 3,F3,944,TSB,0,18.01666667,0.030688073,0
639,2,Plate 3,F4,319,TSB,0.89062546,4.183333333,1.010285047,0.999486225
640,2,Plate 3,F5,322,TSB,0.799425193,4.183333333,1.428142714,0.999890232
641,2,Plate 3,F6,945,TSB,0.676230928,3.85,0.190702104,0.993946408
642,2,Plate 3,F7,947,TSB,0,18.01666667,0.998759244,0
643,2,Plate 3,F8,323,TSB,0.554289431,5.85,1.003284046,0.999933976
644,2,Plate 3,F9,0,TSB,0,18.01666667,0.023140265,0
645,2,Plate 3,F10,954,TSB,0,18.01666667,0.029419751,0
646,2,Plate 3,F11,332,TSB,0.870136004,4.183333333,1.376713485,0.999438472
647,2,Plate 3,F12,956,TSB,0,18.01666667,0.027979932,0
648,2,Plate 3,G1,333,TSB,0.777107552,4.683333333,1.07071419,0.999945045
649,2,Plate 3,G2,334,TSB,0.906462064,3.683333333,1.079570786,0.99971571
650,2,Plate 3,G3,958,TSB,0,18.01666667,0.034088518,0
651,2,Plate 3,G4,335,TSB,0.938075188,3.85,1.013709536,0.999538066
652,2,Plate 3,G5,336,TSB,0,18.01666667,0.032950198,0
653,2,Plate 3,G6,229,TSB,0.793712378,5.016666667,0.929427824,0.999211096
654,2,Plate 3,G7,233,TSB,0.874171187,4.516666667,1.121853903,0.999404196
655,2,Plate 3,G8,257,TSB,0.805885255,4.016666667,1.042713228,0.999954475
656,2,Plate 3,G9,284,TSB,0.690337444,3.35,1.064426845,0.999434871
657,2,Plate 3,G10,341,TSB,0.853661429,3.683333333,1.459714216,0.999739393
658,2,Plate 3,G11,959,TSB,0.590519247,6.683333333,1.425076555,0.999593551
659,2,Plate 3,G12,337,TSB,0.805131366,3.85,1.090999083,0.99949117
660,2,Plate 3,H1,338,TSB,0.895768707,3.85,1.049568732,0.999609862
661,2,Plate 3,H2,339,TSB,0.928246047,4.016666667,1.446568775,0.999428686
662,2,Plate 3,H3,342,TSB,0.68320289,4.516666667,1.187994346,0.999896832
663,2,Plate 3,H4,343,TSB,0.580868684,7.183333333,1.090705148,0.999331761
664,2,Plate 3,H5,961,TSB,0,18.01666667,0.030837059,0
665,2,Plate 3,H6,344,TSB,0.816595511,4.85,0.99699957,0.999495082
666,2,Plate 3,H7,346,TSB,0.504638817,8.516666667,0.946126623,0.99993665
667,2,Plate 3,H8,347,TSB,0.799914996,5.183333333,1.053856542,0.999640126
668,2,Plate 3,H9,348,TSB,0.848505902,3.85,1.085427406,0.999634739
669,2,Plate 3,H10,963,TSB,0,18.01666667,0.032838258,0
670,2,Plate 3,H11,349,TSB,0.860742799,4.016666667,1.07499827,0.999200668
671,2,Plate 3,H12,350,TSB,0,18.01666667,0.024843263,0
672,2,Plate 4,A1,117,TSB,0.604193087,2.183333333,0.983273992,0.999806429
673,2,Plate 4,A2,904,TSB,0.394952542,4.683333333,0.89666382,0.999885485
674,2,Plate 4,A3,142,TSB,0.915904276,3.516666667,1.087138593,0.998279725
675,2,Plate 4,A4,159,TSB,0.686144403,2.35,0.957571002,0.999825395
676,2,Plate 4,A5,905,TSB,0,18.03333333,0.031982406,0
677,2,Plate 4,A6,234,TSB,0.704556754,5.016666667,1.106570414,0.999514378
678,2,Plate 4,A7,245,TSB,0.73857118,3.516666667,1.00614095,0.998833465
679,2,Plate 4,A8,254,TSB,0.744437352,1.683333333,1.401996124,0.999312521
680,2,Plate 4,A9,907,TSB,0.618757384,2.016666667,0.910784495,0.998990354
681,2,Plate 4,A10,255,TSB,0.44264131,8.85,0.926819425,0.990925407
682,2,Plate 4,A11,256,TSB,0.724428997,3.183333333,0.963571153,0.999981381
683,2,Plate 4,A12,908,TSB,0,18.03333333,0.034703223,0
684,2,Plate 4,B1,258,TSB,0.756272846,2.85,1.037140043,0.999425983
685,2,Plate 4,B2,229,TSB,0.671036414,3.35,0.904566867,0.999066971
686,2,Plate 4,B3,912,TSB,0.82594512,2.016666667,1.023137347,0.999197347
687,2,Plate 4,B4,233,TSB,0.709184063,3.016666667,1.452999803,0.999806192
688,2,Plate 4,B5,913,TSB,0.815158465,2.35,1.094708841,0.999317943
689,2,Plate 4,B6,259,TSB,0.595204708,3.683333333,1.032140998,0.999898105
690,2,Plate 4,B7,265,TSB,0.819434362,3.516666667,1.058426431,0.999604929
691,2,Plate 4,B8,266,TSB,0.776728846,2.683333333,1.065856013,0.999723709
692,2,Plate 4,B9,267,TSB,0.512989485,7.85,0.696616667,0.998506114
693,2,Plate 4,B10,269,TSB,0.718413701,4.85,0.985641421,0.999130115
694,2,Plate 4,B11,914,TSB,0.926962478,1.85,1.102564318,0.998434754
695,2,Plate 4,B12,270,TSB,0.795788483,4.85,1.221138124,0.998701359
696,2,Plate 4,C1,271,TSB,0.757287341,4.016666667,1.349818113,0.999119816
697,2,Plate 4,C2,915,TSB,0.902520029,1.683333333,1.088131239,0.998056539
698,2,Plate 4,C3,272,TSB,0.671742405,2.35,1.083419629,0.998053326
699,2,Plate 4,C4,916,TSB,0.753074185,2.016666667,0.998283894,0.999783691
700,2,Plate 4,C5,274,TSB,0.871629743,2.683333333,1.046712959,0.999339561
701,2,Plate 4,C6,277,TSB,0.781659591,3.85,1.086713008,0.999360688
702,2,Plate 4,C7,278,TSB,0.638485756,3.183333333,0.999663638,0.999755155
703,2,Plate 4,C8,257,TSB,0.67733181,2.85,1.227714203,0.999268051
704,2,Plate 4,C9,279,TSB,0.562802809,5.016666667,1.037426938,0.999566415
705,2,Plate 4,C10,917,TSB,0.61049517,5.35,1.021559685,0.999727039
706,2,Plate 4,C11,923,TSB,0.590255242,5.683333333,1.046995497,0.999473523
707,2,Plate 4,C12,280,TSB,0.710150556,4.35,1.048140207,0.999350177
708,2,Plate 4,D1,286,TSB,0.635659659,3.016666667,1.372836906,0.999623188
709,2,Plate 4,D2,924,TSB,0.52726409,5.35,1.126994928,0.996788547
710,2,Plate 4,D3,925,TSB,0.749817496,2.683333333,1.134855452,0.997707594
711,2,Plate 4,D4,928,TSB,0.847428298,2.35,1.056710673,0.999622704
712,2,Plate 4,D5,293,TSB,0.881968589,2.516666667,1.008723489,0.998500348
713,2,Plate 4,D6,929,TSB,0.663504976,2.183333333,0.965903385,0.99958739
714,2,Plate 4,D7,294,TSB,0.706261931,2.85,1.064712982,0.999746889
715,2,Plate 4,D8,295,TSB,0.685141203,4.016666667,0.966571302,0.99991548
716,2,Plate 4,D9,296,TSB,0.691214127,4.85,0.95699791,0.999284211
717,2,Plate 4,D10,930,TSB,0.812116948,3.35,1.05213614,0.997913275
718,2,Plate 4,D11,297,TSB,0.588620151,8.683333333,1.164385498,0.998290386
719,2,Plate 4,D12,931,TSB,0.877117474,1.516666667,0.939992542,0.996145268
720,2,Plate 4,E1,284,TSB,0.642966678,2.516666667,1.052711336,0.998714994
721,2,Plate 4,E2,932,TSB,0.635307553,2.183333333,1.044132126,0.999838367
722,2,Plate 4,E3,298,TSB,0.703279334,4.016666667,1.047856402,0.999763535
723,2,Plate 4,E4,299,TSB,0.73476029,2.183333333,1.340273051,0.999535328
724,2,Plate 4,E5,341,TSB,0.923918597,2.85,1.052711745,0.999107
725,2,Plate 4,E6,933,TSB,0.777782939,2.683333333,1.13741955,0.999897218
726,2,Plate 4,E7,305,TSB,0,18.03333333,0.028282143,0
727,2,Plate 4,E8,306,TSB,0,18.03333333,0.031982406,0
728,2,Plate 4,E9,934,TSB,0.762279685,2.85,1.174427008,0.999862896
729,2,Plate 4,E10,308,TSB,0.688877135,4.016666667,1.023999302,0.999813303
730,2,Plate 4,E11,935,TSB,0.809795926,3.183333333,0.938678991,0.999593155
731,2,Plate 4,E12,937,TSB,0.818205628,3.85,1.354714,0.999695402
732,2,Plate 4,F1,316,TSB,0.691096869,3.85,0.966571302,0.999842075
733,2,Plate 4,F2,938,TSB,0.675943896,2.683333333,1.039566226,0.998985488
734,2,Plate 4,F3,944,TSB,0,18.03333333,0.035397319,0
735,2,Plate 4,F4,319,TSB,0.736547885,4.016666667,1.019853295,0.999247692
736,2,Plate 4,F5,322,TSB,0.717948446,3.016666667,1.362850597,0.999028012
737,2,Plate 4,F6,945,TSB,0.794059552,3.85,0.454509876,0.996331363
738,2,Plate 4,F7,947,TSB,0,18.03333333,0.666826811,0
739,2,Plate 4,F8,323,TSB,0.524289991,3.516666667,1.002997292,0.999555891
740,2,Plate 4,F9,0,TSB,0,18.03333333,0.030273064,0
741,2,Plate 4,F10,954,TSB,0,18.03333333,0.027282013,0
742,2,Plate 4,F11,332,TSB,0.829121608,4.183333333,1.331949981,0.998797646
743,2,Plate 4,F12,956,TSB,0,18.03333333,0.023848603,0
744,2,Plate 4,G1,333,TSB,0.831471066,3.016666667,1.071141866,0.997458542
745,2,Plate 4,G2,334,TSB,1.208432298,3.016666667,1.019428171,0.996289034
746,2,Plate 4,G3,958,TSB,0,18.03333333,0.034702982,0
747,2,Plate 4,G4,335,TSB,0.933392778,3.35,1.019705353,0.999340419
748,2,Plate 4,G5,336,TSB,0,18.03333333,0.034835016,0
749,2,Plate 4,G6,229,TSB,0.672767075,3.183333333,0.907142002,0.99861148
750,2,Plate 4,G7,233,TSB,0.690738608,3.016666667,1.11285606,0.999645785
751,2,Plate 4,G8,257,TSB,0.78424566,2.683333333,1.025856665,0.998883294
752,2,Plate 4,G9,284,TSB,0.669254681,2.683333333,1.046997542,0.998623849
753,2,Plate 4,G10,341,TSB,0.91006327,2.516666667,1.488571346,0.999008849
754,2,Plate 4,G11,959,TSB,0.515391928,6.683333333,1.103707628,0.995992342
755,2,Plate 4,G12,337,TSB,0.745657046,2.683333333,1.069426186,0.999829976
756,2,Plate 4,H1,338,TSB,0.940683919,3.016666667,1.005135834,0.999114783
757,2,Plate 4,H2,339,TSB,0.910163257,3.183333333,1.06861934,0.999263063
758,2,Plate 4,H3,342,TSB,0.616984739,3.35,1.167418556,0.998885238
759,2,Plate 4,H4,343,TSB,0.517607433,7.516666667,1.10856075,0.998293896
760,2,Plate 4,H5,961,TSB,0,18.03333333,0.028980614,0
761,2,Plate 4,H6,344,TSB,0.707041443,4.85,0.984142359,0.998939724
762,2,Plate 4,H7,346,TSB,0.481789641,9.016666667,0.938840941,0.999601628
763,2,Plate 4,H8,347,TSB,0.662670636,5.516666667,1.029855558,0.998074717
764,2,Plate 4,H9,348,TSB,0.725211178,2.516666667,1.054271543,0.999549206
765,2,Plate 4,H10,963,TSB,0,18.03333333,0.028282143,0
766,2,Plate 4,H11,349,TSB,0.807130112,4.183333333,1.071854153,0.997723398
767,2,Plate 4,H12,350,TSB,0,18.03333333,0.024566425,0
767,3,Plate 1,A1,101,TSB,0.785307994,4.166666667,1.059282787,0.99883317
768,3,Plate 1,A2,105,TSB,0.787034968,4.166666667,1.056567932,0.998862541
769,3,Plate 1,A3,110,TSB,0.78085962,3.833333333,1.021426914,0.999865636
770,3,Plate 1,A4,111,TSB,0.811580265,3.833333333,1.020141117,0.999664339
771,3,Plate 1,A5,182,TSB,0.619209982,5.5,1.335404519,0.999605866
772,3,Plate 1,A6,201,TSB,0.567477498,7.016666667,1.087848294,0.999695187
773,3,Plate 1,A7,202,TSB,0.580531107,7.183333333,1.082278225,0.999749961
774,3,Plate 1,A8,204,TSB,0.62291584,2.833333333,1.389998663,0.999511495
775,3,Plate 1,A9,205,TSB,0.582652631,4.833333333,1.254231566,0.999392101
776,3,Plate 1,A10,207,TSB,0.597473446,5,0.86442595,0.999690701
777,3,Plate 1,A11,208,TSB,0.677846511,6.166666667,1.050709292,0.997557013
778,3,Plate 1,A12,209,TSB,0.671658486,6,1.051275445,0.997011445
779,3,Plate 1,B1,210,TSB,0.813510221,5,1.026853328,0.999141345
780,3,Plate 1,B2,211,TSB,0.719454888,6.166666667,0.901424634,0.999484763
781,3,Plate 1,B3,214,TSB,0.746962369,4.666666667,1.052708897,0.998917164
782,3,Plate 1,B4,215,TSB,0.602312313,5.683333333,1.397428484,0.999574142
783,3,Plate 1,B5,217,TSB,0.860312615,4,1.039427354,0.999494594
784,3,Plate 1,B6,218,TSB,0.747040897,4.166666667,1.047854769,0.998879831
785,3,Plate 1,B7,0,TSB,0.21787902,15.68333333,0.064645771,0.994289185
786,3,Plate 1,B8,220,TSB,0.676847738,5.333333333,1.055139685,0.999589461
787,3,Plate 1,B9,221,TSB,0.694323918,3.166666667,1.074999203,0.999649697
788,3,Plate 1,B10,222,TSB,0.773274744,4.333333333,1.020998881,0.997991651
789,3,Plate 1,B11,223,TSB,0.726737152,3.166666667,1.012711366,0.999881744
790,3,Plate 1,B12,224,TSB,0.878194549,3,1.433714115,0.998550486
791,3,Plate 1,C1,225,TSB,0.663887395,5.85,1.300826217,0.999691378
792,3,Plate 1,C2,226,TSB,0.614760857,6.166666667,0.935280108,0.999915814
793,3,Plate 1,C3,227,TSB,0.658776583,5.5,0.771278917,0.999470283
794,3,Plate 1,C4,228,TSB,0.715428453,3.833333333,1.135711429,0.999891471
795,3,Plate 1,C5,229,TSB,0.580942268,2.666666667,0.962713734,0.998669436
796,3,Plate 1,C6,230,TSB,0.661393636,5.166666667,1.06042684,0.999886579
797,3,Plate 1,C7,231,TSB,0.853611715,4.5,1.150279168,0.999334224
798,3,Plate 1,C8,232,TSB,0.637033437,5.333333333,1.316558522,0.999942339
799,3,Plate 1,C9,233,TSB,0.69378548,4.5,1.114426282,0.999913272
800,3,Plate 1,C10,235,TSB,0.735897477,4.333333333,0.953855585,0.99961518
801,3,Plate 1,C11,236,TSB,0.73717846,4.166666667,1.062141588,0.998951235
802,3,Plate 1,C12,237,TSB,0.746895497,3.333333333,1.178567933,0.99992011
803,3,Plate 1,D1,238,TSB,0.639197445,5,1.124426939,0.999762064
804,3,Plate 1,D2,239,TSB,0.772712141,4.166666667,1.054284398,0.999307537
805,3,Plate 1,D3,240,TSB,0.877478279,4.333333333,1.098571317,0.999259683
806,3,Plate 1,D4,241,TSB,0.640184269,5.166666667,1.034567443,0.99893707
807,3,Plate 1,D5,242,TSB,0.742385822,3.166666667,1.059853578,0.999676327
808,3,Plate 1,D6,243,TSB,0.905533238,4.166666667,1.070427123,0.999259008
809,3,Plate 1,D7,244,TSB,0.748796356,4.5,1.06542792,0.999833566
810,3,Plate 1,D8,248,TSB,0.667193107,6.35,1.063712445,0.999748481
811,3,Plate 1,D9,249,TSB,0.649180785,4.666666667,0.888998715,0.998370983
812,3,Plate 1,D10,250,TSB,0.342917921,5.166666667,1.043489306,0.997062145
813,3,Plate 1,D11,251,TSB,0.580694959,5.333333333,0.755845522,0.998510498
814,3,Plate 1,D12,252,TSB,0.651516653,3,0.976706868,0.998997901
815,3,Plate 1,E1,253,TSB,0.722692662,5,0.974427566,0.999575012
816,3,Plate 1,E2,257,TSB,0.702703905,4.333333333,1.046856402,0.999594999
817,3,Plate 1,E3,260,TSB,0.636129207,5.683333333,1.04699618,0.999626459
818,3,Plate 1,E4,261,TSB,0.882623126,4.5,0.934564723,0.999272971
819,3,Plate 1,E5,262,TSB,0.659610725,7.85,1.02956604,0.999033001
820,3,Plate 1,E6,263,TSB,0.636184876,5.333333333,1.083,0.999678168
821,3,Plate 1,E7,264,TSB,0.654831403,5.5,1.072425793,0.999270748
822,3,Plate 1,E8,273,TSB,0.819727326,4.666666667,0.980565916,0.999522002
823,3,Plate 1,E9,282,TSB,0.659965251,4.833333333,1.38314271,0.999217925
824,3,Plate 1,E10,283,TSB,0.714061872,3,1.097851881,0.998623628
825,3,Plate 1,E11,284,TSB,0.675539825,3.166666667,1.073140803,0.99878519
826,3,Plate 1,E12,285,TSB,0.840086695,3,1.433428087,0.998566348
827,3,Plate 1,F1,287,TSB,0.753933416,4.333333333,1.276554762,0.999639538
828,3,Plate 1,F2,288,TSB,0.766124025,4.333333333,1.040460847,0.999554669
829,3,Plate 1,F3,289,TSB,0.837023038,3,1.08028443,0.999944609
830,3,Plate 1,F4,290,TSB,0.89534581,4,1.083712215,0.999659721
831,3,Plate 1,F5,291,TSB,0.813948734,4.166666667,1.030713078,0.99831282
832,3,Plate 1,F6,292,TSB,0.912015234,4.166666667,1.38942838,0.999337624
833,3,Plate 1,F7,300,TSB,0.687992508,5.5,1.33071335,0.999540556
834,3,Plate 1,F8,301,TSB,0.763771788,4.333333333,1.039428454,0.99962883
835,3,Plate 1,F9,302,TSB,0.736809301,4.5,1.055428185,0.999503344
836,3,Plate 1,F10,303,TSB,0.727047592,4.333333333,1.063140919,0.999147569
837,3,Plate 1,F11,307,TSB,0.629374911,4.666666667,0.932511375,0.999602923
838,3,Plate 1,F12,0,TSB,0.584948702,5,1.04985518,0.999456428
839,3,Plate 1,G1,310,TSB,0.774773022,4.333333333,1.014427466,0.99915526
840,3,Plate 1,G2,311,TSB,0.668574477,5.333333333,0.774713046,0.999430526
841,3,Plate 1,G3,312,TSB,0.836732977,3.166666667,1.09742846,0.999959149
842,3,Plate 1,G4,313,TSB,0.839230346,4.166666667,0.798799456,0.998788098
843,3,Plate 1,G5,314,TSB,0.748437634,4.833333333,1.165423208,0.998691898
844,3,Plate 1,G6,229,TSB,0.673059775,4.666666667,0.95471373,0.998357271
845,3,Plate 1,G7,233,TSB,0.903424873,5.166666667,1.131283476,0.999054063
846,3,Plate 1,G8,257,TSB,0.677003937,3,1.053998781,0.999636851
847,3,Plate 1,G9,284,TSB,0.70025415,3.166666667,1.056425751,0.998292989
848,3,Plate 1,G10,341,TSB,0.885885511,2.666666667,1.469142621,0.998871832
849,3,Plate 1,G11,901,TSB,0,18.01666667,0.034225481,0
850,3,Plate 1,G12,902,TSB,0.66034951,14.51666667,0.657679235,0.999975125
851,3,Plate 1,H1,317,TSB,0.734518589,3.166666667,1.053141849,0.999660082
852,3,Plate 1,H2,318,TSB,0.809297251,3.833333333,1.332547889,0.999477552
853,3,Plate 1,H3,320,TSB,0.656678331,6.35,1.08185471,0.999604433
854,3,Plate 1,H4,321,TSB,0.639929415,5.166666667,0.850980805,0.998888726
855,3,Plate 1,H5,324,TSB,0.669609618,5.333333333,1.042851877,0.99956507
856,3,Plate 1,H6,325,TSB,0.887787145,4.333333333,1.065713922,0.999333317
857,3,Plate 1,H7,326,TSB,0.605672062,5.85,1.050904612,0.999197158
858,3,Plate 1,H8,327,TSB,0.754126506,3.333333333,0.831427393,0.999663335
859,3,Plate 1,H9,330,TSB,0.716576912,4.166666667,1.028570477,0.997779724
860,3,Plate 1,H10,331,TSB,0.786600857,2.833333333,1.027996805,0.999403332
861,3,Plate 1,H11,340,TSB,0.733934105,3,0.960417287,0.998379139
862,3,Plate 1,H12,341,TSB,0.864308517,2.5,1.07456972,0.999136775
863,3,Plate 2,A1,101,TSB,0.779114488,4.183333333,1.049711602,0.999002199
864,3,Plate 2,A2,105,TSB,0.778491977,4.35,1.059139157,0.998608575
865,3,Plate 2,A3,110,TSB,0.790615019,3.683333333,1.01057046,0.999954925
866,3,Plate 2,A4,111,TSB,0.7483645,3.516666667,1.180712626,0.999907033
867,3,Plate 2,A5,182,TSB,0.63038057,3.516666667,1.077417855,0.999500935
868,3,Plate 2,A6,201,TSB,0.499132183,7.183333333,1.08999633,0.999175883
869,3,Plate 2,A7,202,TSB,0.517312938,7.35,1.073853358,0.999519213
870,3,Plate 2,A8,204,TSB,0.694214806,2.666666667,1.071853886,0.999270967
871,3,Plate 2,A9,205,TSB,0.576993362,4.683333333,0.848283067,0.999590179
872,3,Plate 2,A10,207,TSB,0.586857965,3.183333333,0.86814114,0.999905361
873,3,Plate 2,A11,208,TSB,0.633276572,6.183333333,1.050852595,0.998004449
874,3,Plate 2,A12,209,TSB,0.743267806,3.85,1.035706463,0.999407551
875,3,Plate 2,B1,210,TSB,0.732209465,5.016666667,1.026137923,0.998817708
876,3,Plate 2,B2,211,TSB,0.675988413,6.183333333,0.92385012,0.998794523
877,3,Plate 2,B3,214,TSB,0.693569989,4.683333333,1.034708804,0.998861747
878,3,Plate 2,B4,215,TSB,0.546128988,5.683333333,1.038140871,0.999352173
879,3,Plate 2,B5,217,TSB,0.677473118,3.683333333,1.017998035,0.999966937
880,3,Plate 2,B6,218,TSB,0.735891737,4.183333333,1.053142256,0.99933567
881,3,Plate 2,B7,0,TSB,0.230367484,15.68333333,0.059813214,0.99605123
882,3,Plate 2,B8,220,TSB,0.604018259,5.016666667,1.034567861,0.999907026
883,3,Plate 2,B9,221,TSB,0.656567611,3.35,1.076713129,0.999740998
884,3,Plate 2,B10,222,TSB,0.69080987,4.35,1.030570201,0.998429713
885,3,Plate 2,B11,223,TSB,0.69454364,3.183333333,1.019569767,0.999908614
886,3,Plate 2,B12,224,TSB,0.912456989,3,1.125422117,0.997664832
887,3,Plate 2,C1,225,TSB,0.61259965,4.683333333,1.325965062,0.999354248
888,3,Plate 2,C2,226,TSB,0.504895072,6.683333333,0.941280902,0.999378214
889,3,Plate 2,C3,227,TSB,0.591462104,3.516666667,0.754710926,0.999201505
890,3,Plate 2,C4,228,TSB,0.699987429,3.516666667,1.130137998,0.99993676
891,3,Plate 2,C5,229,TSB,0.637560216,2.666666667,0.962569372,0.998973563
892,3,Plate 2,C6,230,TSB,0.660463402,5.35,1.062855606,0.999883349
893,3,Plate 2,C7,231,TSB,0.727906254,4.683333333,1.103992363,0.997986142
894,3,Plate 2,C8,232,TSB,0.540107534,6.35,1.15383716,0.998954041
895,3,Plate 2,C9,233,TSB,0.702189902,4.35,1.112423841,0.999705812
896,3,Plate 2,C10,235,TSB,0.681669479,4.35,0.961284419,0.999760455
897,3,Plate 2,C11,236,TSB,0.686812517,4.183333333,1.050831213,0.999291407
898,3,Plate 2,C12,237,TSB,0.743207072,3.683333333,1.009283348,0.999910811
899,3,Plate 2,D1,238,TSB,0.648940468,5.016666667,1.122995929,0.999926955
900,3,Plate 2,D2,239,TSB,0.728937362,3.683333333,1.377857098,0.999957794
901,3,Plate 2,D3,240,TSB,0.706926422,4.183333333,1.074285087,0.99983443
902,3,Plate 2,D4,241,TSB,0.634651408,5.016666667,1.020139296,0.99937623
903,3,Plate 2,D5,242,TSB,0.762778013,3.183333333,1.058996088,0.999571296
904,3,Plate 2,D6,243,TSB,0.726759032,4.183333333,1.073854957,0.999415612
905,3,Plate 2,D7,244,TSB,0.675350291,3.183333333,1.056141312,0.997682006
906,3,Plate 2,D8,248,TSB,0.579122018,6.85,1.059712033,0.998468372
907,3,Plate 2,D9,249,TSB,0.710775813,2.833333333,0.889284635,0.997941967
908,3,Plate 2,D10,250,TSB,0.610717919,4.183333333,1.043618942,0.999981896
909,3,Plate 2,D11,251,TSB,0.565529978,5.516666667,0.760561895,0.998501596
910,3,Plate 2,D12,252,TSB,0.682369792,3.183333333,0.975696702,0.997869779
911,3,Plate 2,E1,253,TSB,0.698265092,5.016666667,1.086142406,0.999863724
912,3,Plate 2,E2,257,TSB,0.772756755,3,1.456714216,0.999381943
913,3,Plate 2,E3,260,TSB,0.584774419,3.516666667,1.432285643,0.999598158
914,3,Plate 2,E4,261,TSB,0.794412437,3,0.887561152,0.998314197
915,3,Plate 2,E5,262,TSB,0.622225575,8.016666667,1.021137198,0.998469724
916,3,Plate 2,E6,263,TSB,0.6431941,5.35,1.000428449,0.999660448
917,3,Plate 2,E7,264,TSB,0.601050347,3.183333333,1.054282231,0.997666675
918,3,Plate 2,E8,273,TSB,0.676720325,3.183333333,0.981968831,0.998720216
919,3,Plate 2,E9,282,TSB,0.710341824,2.833333333,1.114279727,0.997983116
920,3,Plate 2,E10,283,TSB,0.712514763,3,1.098711722,0.998172291
921,3,Plate 2,E11,284,TSB,0.696359955,3.35,1.20742847,0.998627866
922,3,Plate 2,E12,285,TSB,0.827864264,2.833333333,1.136425698,0.998349075
923,3,Plate 2,F1,287,TSB,0.751749316,3.683333333,1.068104206,0.999988794
924,3,Plate 2,F2,288,TSB,0.720365094,4.35,1.025233569,0.999705058
925,3,Plate 2,F3,289,TSB,0.823578141,2.666666667,1.373399117,0.999511892
926,3,Plate 2,F4,290,TSB,0.833687167,3.85,1.077139219,0.999823525
927,3,Plate 2,F5,291,TSB,0.711832,4.183333333,1.031713356,0.998150246
928,3,Plate 2,F6,292,TSB,0.888463923,4.183333333,1.088570922,0.999167337
929,3,Plate 2,F7,300,TSB,0.687247439,3.35,1.070853082,0.998338078
930,3,Plate 2,F8,301,TSB,0.681391053,4.016666667,0.964418216,0.999665127
931,3,Plate 2,F9,302,TSB,0.662394045,4.183333333,0.965856932,0.999479469
932,3,Plate 2,F10,303,TSB,0.685387202,4.183333333,1.06626562,0.999470337
933,3,Plate 2,F11,307,TSB,0.619082469,4.85,0.876851688,0.999464337
934,3,Plate 2,F12,0,TSB,0.555104017,5.183333333,1.02899055,0.999334382
935,3,Plate 2,G1,310,TSB,0.72249976,4.35,1.019711103,0.999320664
936,3,Plate 2,G2,311,TSB,0.631512344,5.683333333,0.794559937,0.998859517
937,3,Plate 2,G3,312,TSB,0.821392252,2.516666667,1.096856826,0.999446084
938,3,Plate 2,G4,313,TSB,0.790581132,4.183333333,0.794329298,0.998495538
939,3,Plate 2,G5,314,TSB,0.642367249,4.683333333,1.021569492,0.999419573
940,3,Plate 2,G6,229,TSB,0.611669328,4.85,0.965856636,0.998462657
941,3,Plate 2,G7,233,TSB,0.784417316,5.183333333,1.14271182,0.999327011
942,3,Plate 2,G8,257,TSB,0.679720145,2.833333333,1.065428054,0.999288047
943,3,Plate 2,G9,284,TSB,0.655274556,3.183333333,1.074854029,0.998245103
944,3,Plate 2,G10,341,TSB,0.834697946,2.333333333,1.085569079,0.99899004
945,3,Plate 2,G11,901,TSB,0,18.01666667,0.029990472,0
946,3,Plate 2,G12,902,TSB,0.671455519,15.18333333,0.570555246,0.999939724
947,3,Plate 2,H1,317,TSB,0.710561163,3,1.062570507,0.999339691
948,3,Plate 2,H2,318,TSB,0.803369775,4.016666667,1.035997657,0.999360844
949,3,Plate 2,H3,320,TSB,0.619416613,6.683333333,1.03214086,0.999240015
950,3,Plate 2,H4,321,TSB,0.618453024,5.35,0.840976984,0.998414287
951,3,Plate 2,H5,324,TSB,0.67032419,5.35,1.037427075,0.999413793
952,3,Plate 2,H6,325,TSB,0.751646506,4.35,1.053426283,0.998865447
953,3,Plate 2,H7,326,TSB,0.587066427,6.016666667,1.061054496,0.998956836
954,3,Plate 2,H8,327,TSB,0.720343176,4.016666667,0.832423616,0.999787499
955,3,Plate 2,H9,330,TSB,0.773195855,4.35,1.048856267,0.997803573
956,3,Plate 2,H10,331,TSB,0.776471185,2.833333333,1.04113978,0.999346763
957,3,Plate 2,H11,340,TSB,0.661317691,3.183333333,0.963849666,0.998297682
958,3,Plate 2,H12,341,TSB,0.921387531,2.333333333,1.077426998,0.998908087
959,3,Plate 3,A1,117,TSB,0.770114238,7.183333333,0.986995803,0.999286665
960,3,Plate 3,A2,904,TSB,0.569464959,6.85,0.921815048,0.999859354
961,3,Plate 3,A3,142,TSB,0.912495585,4.35,1.093705162,0.998845106
962,3,Plate 3,A4,159,TSB,0.782898983,6.516666667,0.972998679,0.999945584
963,3,Plate 3,A5,905,TSB,0.364746202,10.01666667,0.549045132,0.999424785
964,3,Plate 3,A6,234,TSB,0.872870713,7.683333333,1.095994134,0.999180042
965,3,Plate 3,A7,245,TSB,0.883179364,6.183333333,1.018426348,0.999554359
966,3,Plate 3,A8,254,TSB,0.843874383,4.516666667,1.035854738,0.999213584
967,3,Plate 3,A9,907,TSB,0.619704441,11.35,0.693672498,0.999897831
968,3,Plate 3,A10,255,TSB,0.638948874,5.683333333,0.997558129,0.999987942
969,3,Plate 3,A11,256,TSB,0.933990466,5.683333333,0.995571019,0.999320779
970,3,Plate 3,A12,908,TSB,0.440100549,7.85,0.195932611,0.99771376
971,3,Plate 3,B1,258,TSB,0.892809503,3.516666667,1.057568611,0.999785814
972,3,Plate 3,B2,229,TSB,0.683830889,4.683333333,0.962856486,0.998719836
973,3,Plate 3,B3,912,TSB,0.946434896,2.516666667,1.009427884,0.998427828
974,3,Plate 3,B4,233,TSB,0.850396768,5.516666667,1.127283343,0.999121518
975,3,Plate 3,B5,913,TSB,0.93526571,3.683333333,1.127139383,0.999724917
976,3,Plate 3,B6,259,TSB,0.533444048,4.683333333,0.992282157,0.999962427
977,3,Plate 3,B7,265,TSB,0.878843732,4.183333333,1.110568745,0.998394504
978,3,Plate 3,B8,266,TSB,0.789381479,4.016666667,1.113850803,0.99951482
979,3,Plate 3,B9,267,TSB,0.50608331,4.183333333,0.854699456,0.999324239
980,3,Plate 3,B10,269,TSB,0.883260643,4.683333333,1.02714099,0.999289231
981,3,Plate 3,B11,914,TSB,0.968563394,2.183333333,1.185282012,0.998945509
982,3,Plate 3,B12,270,TSB,0.880687924,4.016666667,1.031569511,0.999078077
983,3,Plate 3,C1,271,TSB,0.896708313,4.016666667,1.329142704,0.999606496
984,3,Plate 3,C2,915,TSB,0.9748182,2.35,1.154137727,0.998805233
985,3,Plate 3,C3,272,TSB,0.797305433,3.683333333,1.109125424,0.999192978
986,3,Plate 3,C4,916,TSB,0.957830712,2.683333333,0.98399289,0.99852368
987,3,Plate 3,C5,274,TSB,0.815385424,4.016666667,1.080140023,0.99964325
988,3,Plate 3,C6,277,TSB,0.81789214,3.85,1.109137647,0.999430711
989,3,Plate 3,C7,278,TSB,0.696906308,4.35,0.885798806,0.999656645
990,3,Plate 3,C8,257,TSB,0.71746799,4.516666667,1.074856156,0.999500376
991,3,Plate 3,C9,279,TSB,0.633384504,5.35,1.063853728,0.999958705
992,3,Plate 3,C10,917,TSB,0.64527556,6.183333333,1.007966685,0.999940291
993,3,Plate 3,C11,923,TSB,0.668907578,6.016666667,1.0557062,0.999797505
994,3,Plate 3,C12,280,TSB,0.889716625,3.683333333,1.067853474,0.999861175
995,3,Plate 3,D1,286,TSB,0.738189317,4.516666667,1.422141407,0.999566306
996,3,Plate 3,D2,924,TSB,0.586639768,6.016666667,1.179174149,0.999943825
997,3,Plate 3,D3,925,TSB,0.792470921,4.016666667,1.148850631,0.999938063
998,3,Plate 3,D4,928,TSB,0.85454226,4.516666667,1.101278095,0.999545025
999,3,Plate 3,D5,293,TSB,0.866631816,3.683333333,1.017855959,0.999338071
1000,3,Plate 3,D6,929,TSB,0.637841531,3.683333333,0.8199538,0.999057365
1001,3,Plate 3,D7,294,TSB,0.764368992,4.683333333,1.106996258,0.999870822
1002,3,Plate 3,D8,295,TSB,0.711154969,4.183333333,0.996136483,0.999935704
1003,3,Plate 3,D9,296,TSB,0.687291528,6.683333333,0.979848626,0.998480842
1004,3,Plate 3,D10,930,TSB,0.840276642,4.35,1.031995426,0.999569626
1005,3,Plate 3,D11,297,TSB,0.564923175,5.683333333,1.03697012,0.999949224
1006,3,Plate 3,D12,931,TSB,0.708462697,3.516666667,1.009536242,0.999658757
1007,3,Plate 3,E1,284,TSB,0.663218913,4.016666667,1.324713669,0.999620052
1008,3,Plate 3,E2,932,TSB,0.783243919,3.85,1.092565168,0.999409797
1009,3,Plate 3,E3,298,TSB,0.839478463,4.516666667,1.345142387,0.999405911
1010,3,Plate 3,E4,299,TSB,0.861841767,3.683333333,1.080571051,0.999415906
1011,3,Plate 3,E5,341,TSB,0.80199777,3.85,1.100425864,0.999540492
1012,3,Plate 3,E6,933,TSB,0.790594843,4.016666667,1.144988646,0.99971811
1013,3,Plate 3,E7,305,TSB,0.14746755,15.68333333,0.07146251,0.999936595
1014,3,Plate 3,E8,306,TSB,0.551064847,10.68333333,0.196541143,0.999083001
1015,3,Plate 3,E9,934,TSB,0.824165102,4.183333333,1.129141285,0.99966119
1016,3,Plate 3,E10,308,TSB,0.788516508,4.516666667,1.054856543,0.999794783
1017,3,Plate 3,E11,935,TSB,0.759870448,3.516666667,0.880775867,0.999133908
1018,3,Plate 3,E12,937,TSB,0.842192335,4.183333333,1.067999599,0.999683291
1019,3,Plate 3,F1,316,TSB,0.874004729,3.85,1.001142511,0.999199425
1020,3,Plate 3,F2,938,TSB,0.788842154,3.85,1.058136312,0.999793737
1021,3,Plate 3,F3,944,TSB,0.33316526,11.85,0.084569979,0.99956994
1022,3,Plate 3,F4,319,TSB,0.872395146,4.183333333,1.028998056,0.999370053
1023,3,Plate 3,F5,322,TSB,0.752016576,4.35,1.107855154,0.999581205
1024,3,Plate 3,F6,945,TSB,0.965508775,2.183333333,0.511267733,0.995717624
1025,3,Plate 3,F7,947,TSB,0.721656284,5.016666667,0.491516755,0.996998985
1026,3,Plate 3,F8,323,TSB,0.503208687,6.516666667,1.041281364,0.999671876
1027,3,Plate 3,F9,0,TSB,0.659410508,15.68333333,0.285351028,0.999885457
1028,3,Plate 3,F10,954,TSB,0,18.01666667,0.094647062,0
1029,3,Plate 3,F11,332,TSB,0.859289578,4.016666667,1.02771224,0.999350563
1030,3,Plate 3,F12,956,TSB,0.390270973,9.35,0.190856074,0.999404869
1031,3,Plate 3,G1,333,TSB,0.792794879,5.183333333,1.091426497,0.999841382
1032,3,Plate 3,G2,334,TSB,0.837500627,4.016666667,1.077260053,0.999334295
1033,3,Plate 3,G3,958,TSB,0.558605233,8.683333333,0.129711287,0.996062205
1034,3,Plate 3,G4,335,TSB,0.768885724,3.683333333,1.023569075,0.999552413
1035,3,Plate 3,G5,336,TSB,0.621047462,4.85,0.245135597,0.998706974
1036,3,Plate 3,G6,229,TSB,0.747704437,4.516666667,0.968142646,0.999103244
1037,3,Plate 3,G7,233,TSB,0.785439239,5.35,1.133997984,0.999392101
1038,3,Plate 3,G8,257,TSB,0.668442801,3.016666667,1.064284411,0.999672408
1039,3,Plate 3,G9,284,TSB,0.703903665,4.016666667,1.085711296,0.999655129
1040,3,Plate 3,G10,341,TSB,0.876905111,3.516666667,1.104853597,0.99956262
1041,3,Plate 3,G11,959,TSB,0.541720356,6.183333333,0.624104705,0.999287195
1042,3,Plate 3,G12,337,TSB,0.865723585,3.35,1.09055977,0.99980114
1043,3,Plate 3,H1,338,TSB,0.790827291,3.516666667,1.023956631,0.999741773
1044,3,Plate 3,H2,339,TSB,0.837388227,4.35,1.08899305,0.998231188
1045,3,Plate 3,H3,342,TSB,0.593377544,5.183333333,1.094854348,0.999997493
1046,3,Plate 3,H4,343,TSB,0.560448927,8.516666667,1.07512087,0.999456157
1047,3,Plate 3,H5,961,TSB,0.478579314,9.85,0.157545631,0.998877644
1048,3,Plate 3,H6,344,TSB,0.767103949,4.85,0.995713896,0.998724633
1049,3,Plate 3,H7,346,TSB,0.628693162,5.183333333,0.997988119,0.999842652
1050,3,Plate 3,H8,347,TSB,0.799110149,6.683333333,0.983570287,0.999060803
1051,3,Plate 3,H9,348,TSB,0.818258901,2.85,1.095704173,0.999832754
1052,3,Plate 3,H10,963,TSB,-0.01798217,15.68333333,0.213369822,-0.992946353
1053,3,Plate 3,H11,349,TSB,0.84426957,4.183333333,1.06856757,0.998268047
1054,3,Plate 3,H12,350,TSB,0.288118337,10.01666667,0.330121355,0.999695721
1055,3,Plate 4,A1,117,TSB,0.639285693,7,0.94899051,0.999236088
1056,3,Plate 4,A2,904,TSB,0.498823949,6.666666667,0.881676406,0.999476639
1057,3,Plate 4,A3,142,TSB,0.845110699,4,1.073281627,0.998860957
1058,3,Plate 4,A4,159,TSB,0.69087676,5.833333333,0.936999848,0.999946939
1059,3,Plate 4,A5,905,TSB,0.354497263,11.16666667,0.743468179,0.99979496
1060,3,Plate 4,A6,234,TSB,0.808917098,7.666666667,1.080565633,0.998932071
1061,3,Plate 4,A7,245,TSB,0.768841468,6.166666667,0.995852783,0.999007086
1062,3,Plate 4,A8,254,TSB,0.728886688,4.5,1.380137118,0.999024436
1063,3,Plate 4,A9,907,TSB,0.383987771,12.16666667,0.50385654,0.999206136
1064,3,Plate 4,A10,255,TSB,0.527265777,3.333333333,0.995275703,0.99768379
1065,3,Plate 4,A11,256,TSB,0.794824159,5.166666667,0.959714179,0.999719457
1066,3,Plate 4,A12,908,TSB,0.592425432,8.333333333,0.301324535,0.997988463
1067,3,Plate 4,B1,258,TSB,0.849611329,2.333333333,1.043711724,0.998776667
1068,3,Plate 4,B2,229,TSB,0.627099849,2.833333333,0.934998473,0.999057424
1069,3,Plate 4,B3,912,TSB,0.895083357,2.333333333,1.004709776,0.998212546
1070,3,Plate 4,B4,233,TSB,0.664511576,4.666666667,1.407428484,0.999621179
1071,3,Plate 4,B5,913,TSB,0.911656586,3,1.081418025,0.998968099
1072,3,Plate 4,B6,259,TSB,0.547525261,5,1.011562682,0.999987076
1073,3,Plate 4,B7,265,TSB,0.798977848,4,1.081281388,0.996889552
1074,3,Plate 4,B8,266,TSB,0.840171312,2.666666667,1.058568617,0.998737876
1075,3,Plate 4,B9,267,TSB,0.605354524,4.833333333,0.777645764,0.999588826
1076,3,Plate 4,B10,269,TSB,0.821229108,4.666666667,1.067982538,0.998506172
1077,3,Plate 4,B11,914,TSB,1.061407033,1.5,1.14342359,0.997101075
1078,3,Plate 4,B12,270,TSB,0.819439557,1.833333333,1.249861555,0.999076303
1079,3,Plate 4,C1,271,TSB,0.750735294,4,1.357849838,0.999186248
1080,3,Plate 4,C2,915,TSB,0.974337741,1.833333333,1.105847913,0.998247842
1081,3,Plate 4,C3,272,TSB,0.120217521,6.166666667,1.075995365,0.992661811
1082,3,Plate 4,C4,916,TSB,0.907025419,2.333333333,0.97042256,0.998711368
1083,3,Plate 4,C5,274,TSB,0.859537074,3,1.051854096,0.999271278
1084,3,Plate 4,C6,277,TSB,0.785062709,3.5,1.082567222,0.999758929
1085,3,Plate 4,C7,278,TSB,0.614727444,3.166666667,1.087464469,0.999227592
1086,3,Plate 4,C8,257,TSB,0.743815221,2.833333333,1.033999171,0.999310599
1087,3,Plate 4,C9,279,TSB,0.497043738,3.166666667,1.021425795,0.999628128
1088,3,Plate 4,C10,917,TSB,0.52526427,7.166666667,1.197094628,0.998234842
1089,3,Plate 4,C11,923,TSB,0.548167929,6.666666667,1.051851378,0.99747038
1090,3,Plate 4,C12,280,TSB,1.18768261,2.666666667,1.03656883,0.996004972
1091,3,Plate 4,D1,286,TSB,0.630749421,3.166666667,1.399424909,0.999638856
1092,3,Plate 4,D2,924,TSB,0.506712384,7,1.037946533,0.998779719
1093,3,Plate 4,D3,925,TSB,0.679547364,2.833333333,1.134283359,0.998995835
1094,3,Plate 4,D4,928,TSB,0.787168681,4.5,1.068851336,0.99986469
1095,3,Plate 4,D5,293,TSB,0.917267084,2.333333333,1.043992061,0.997883274
1096,3,Plate 4,D6,929,TSB,0.664330126,3.333333333,0.934468566,0.99914399
1097,3,Plate 4,D7,294,TSB,0.674283871,4.666666667,1.073854292,0.999877747
1098,3,Plate 4,D8,295,TSB,1.01499454,2.666666667,0.963571005,0.998845844
1099,3,Plate 4,D9,296,TSB,0.701152551,6.666666667,0.937852659,0.998272524
1100,3,Plate 4,D10,930,TSB,0.636513508,2.666666667,1.055995531,0.99956955
1101,3,Plate 4,D11,297,TSB,0.530957994,3.666666667,0.994980031,0.99976159
1102,3,Plate 4,D12,931,TSB,0.636361778,1.666666667,0.920955371,0.998269817
1103,3,Plate 4,E1,284,TSB,0.74814767,3,1.029568534,0.997844194
1104,3,Plate 4,E2,932,TSB,0.80644701,3.333333333,1.063701036,0.999313122
1105,3,Plate 4,E3,298,TSB,0.79058378,4.166666667,1.056998245,0.999528543
1106,3,Plate 4,E4,299,TSB,0.753870637,3,1.424851381,0.999929876
1107,3,Plate 4,E5,341,TSB,0.897178318,2.833333333,1.070854817,0.999861157
1108,3,Plate 4,E6,933,TSB,0.857572677,3.166666667,1.139557024,0.998860043
1109,3,Plate 4,E7,305,TSB,0.170969544,14.5,0.083694578,0.999932411
1110,3,Plate 4,E8,306,TSB,0.537594928,10.16666667,0.322945973,0.999344993
1111,3,Plate 4,E9,934,TSB,0.719992526,3,1.203132035,0.999707027
1112,3,Plate 4,E10,308,TSB,0.644013087,2.833333333,1.251268047,0.999231822
1113,3,Plate 4,E11,935,TSB,0.602497438,1.666666667,1.046438003,0.999215608
1114,3,Plate 4,E12,937,TSB,0.724874862,4.666666667,1.337140351,0.998913219
1115,3,Plate 4,F1,316,TSB,0.76998126,3.5,0.985285321,0.999814194
1116,3,Plate 4,F2,938,TSB,0.753934559,3.666666667,1.077993514,0.99987338
1117,3,Plate 4,F3,944,TSB,0,18.01666667,0.031554034,0
1118,3,Plate 4,F4,319,TSB,0.822256465,4.166666667,1.028851392,0.998958189
1119,3,Plate 4,F5,322,TSB,0.747406741,3,1.389558393,0.999322941
1120,3,Plate 4,F6,945,TSB,1.114077581,1.833333333,0.760447599,0.998043721
1121,3,Plate 4,F7,947,TSB,0.983878077,3.333333333,0.651475888,0.991266779
1122,3,Plate 4,F8,323,TSB,0.595297286,4.166666667,1.274713645,0.999672256
1123,3,Plate 4,F9,0,TSB,0,18.01666667,0.029538752,0
1124,3,Plate 4,F10,954,TSB,0,18.01666667,0.032220066,0
1125,3,Plate 4,F11,332,TSB,0.772765373,2,1.287073848,0.999176446
1126,3,Plate 4,F12,956,TSB,0.388181922,9.166666667,0.226283371,0.997763653
1127,3,Plate 4,G1,333,TSB,0.70166254,5.166666667,1.079140416,0.999721168
1128,3,Plate 4,G2,334,TSB,0.791475277,3.166666667,1.01771278,0.999931493
1129,3,Plate 4,G3,958,TSB,0.603083991,8.333333333,0.128426499,0.997319702
1130,3,Plate 4,G4,335,TSB,0.778339609,2.666666667,1.000711178,0.999724251
1131,3,Plate 4,G5,336,TSB,0.597716924,4.666666667,0.243564463,0.999027277
1132,3,Plate 4,G6,229,TSB,0.667293701,2.666666667,0.945713725,0.99959544
1133,3,Plate 4,G7,233,TSB,0.800235512,5.333333333,1.126854934,0.999055619
1134,3,Plate 4,G8,257,TSB,0.855161959,3,1.016857083,0.998559128
1135,3,Plate 4,G9,284,TSB,0.686033098,3.333333333,1.056568608,0.99882677
1136,3,Plate 4,G10,341,TSB,1.026705872,2.5,1.451142618,0.998978996
1137,3,Plate 4,G11,959,TSB,0.567852438,7.333333333,0.856833124,0.996721961
1138,3,Plate 4,G12,337,TSB,0.919635653,2.333333333,1.023418131,0.99809399
1139,3,Plate 4,H1,338,TSB,0.763644778,2.666666667,0.999401479,0.999946284
1140,3,Plate 4,H2,339,TSB,0.782840054,3.5,1.393837628,0.999237511
1141,3,Plate 4,H3,342,TSB,0.563595516,3.333333333,1.186843481,0.999736923
1142,3,Plate 4,H4,343,TSB,0.53560289,8.5,1.08226609,0.999089127
1143,3,Plate 4,H5,961,TSB,0.546260622,9.166666667,0.180634412,0.997320735
1144,3,Plate 4,H6,344,TSB,0.753677475,4.833333333,0.994712891,0.998441608
1145,3,Plate 4,H7,346,TSB,0.560687028,4,0.994272681,0.999719531
1146,3,Plate 4,H8,347,TSB,0.763397822,6.5,0.976856787,0.998962925
1147,3,Plate 4,H9,348,TSB,0.745450954,3.666666667,1.079701881,0.997499942
1148,3,Plate 4,H10,963,TSB,0.517317803,4.666666667,0.185570768,0.998953578
1149,3,Plate 4,H11,349,TSB,0.823881371,3,1.050423288,0.999512866
1150,3,Plate 4,H12,350,TSB,0.276151449,10.16666667,0.27518739,0.998592374
