#BGC Name	Clan Number	Family Number
sepi_clade_15_contig_35.region001	245	31
sepi_clade_42_contig_35.region001	245	31
sepi_clade_57_contig_45.region001	245	31
sepi_clade_72_contig_36.region001	245	31
sepi_clade_19_contig_30.region001	245	58
sepi_clade_16_contig_52.region001	245	60
sepi_clade_17_contig_46.region001	245	60
sepi_clade_18_contig_40.region001	245	60
sepi_clade_19_contig_55.region001	245	60
sepi_clade_1_contig_42.region001	245	60
sepi_clade_38_contig_27.region001	245	60
sepi_clade_51_contig_70.region001	245	60
sepi_clade_16_contig_50.region001	245	114
sepi_clade_19_contig_53.region001	245	114
sepi_clade_21_contig_42.region001	245	114
sepi_clade_25_contig_20.region001	245	114
sepi_clade_28_contig_34.region001	245	114
sepi_clade_30_contig_49.region001	245	114
sepi_clade_35_contig_39.region001	245	114
sepi_clade_36_contig_49.region001	245	114
sepi_clade_37_contig_46.region001	245	114
sepi_clade_41_contig_45.region001	245	114
sepi_clade_92_contig_47.region001	245	114
sepi_clade_30_contig_36.region001	245	131
sepi_clade_34_contig_54.region001	245	153
sepi_clade_26_contig_47.region001	245	245
sepi_clade_42_contig_36.region001	245	245
sepi_clade_46_contig_20.region001	245	245
sepi_clade_49_contig_93.region001	245	245
sepi_clade_66_contig_35.region001	245	245
sepi_clade_70_contig_41.region001	245	245
sepi_clade_17_contig_56.region001	245	255
sepi_clade_27_contig_68.region001	245	255
sepi_clade_39_contig_48.region001	245	255
sepi_clade_50_contig_85.region001	245	255
sepi_clade_56_contig_59.region001	245	255
sepi_clade_10_contig_21.region001	371	354
sepi_clade_14_contig_7.region001	371	354
sepi_clade_19_contig_3.region001	371	354
sepi_clade_20_contig_4.region001	371	354
sepi_clade_22_contig_5.region001	371	354
sepi_clade_23_contig_5.region001	371	354
sepi_clade_33_contig_15.region001	371	354
sepi_clade_34_contig_14.region001	371	354
sepi_clade_39_contig_18.region001	371	354
sepi_clade_40_contig_4.region001	371	354
sepi_clade_41_contig_20.region001	371	354
sepi_clade_43_contig_16.region001	371	354
sepi_clade_45_contig_31.region001	371	354
sepi_clade_51_contig_15.region001	371	354
sepi_clade_52_contig_18.region001	371	354
sepi_clade_53_contig_9.region001	371	354
sepi_clade_57_contig_13.region001	371	354
sepi_clade_5_contig_4.region001	371	354
sepi_clade_60_contig_24.region001	371	354
sepi_clade_61_contig_92.region001	371	354
sepi_clade_62_contig_3.region001	371	354
sepi_clade_63_contig_7.region001	371	354
sepi_clade_68_contig_26.region001	371	354
sepi_clade_77_contig_5.region001	371	354
sepi_clade_8_contig_9.region001	371	354
sepi_clade_92_contig_24.region001	371	354
sepi_clade_9_contig_5.region001	371	354
sepi_clade_11_contig_19.region001	371	371
sepi_clade_12_contig_26.region001	371	371
sepi_clade_13_contig_23.region001	371	371
sepi_clade_15_contig_21.region001	371	371
sepi_clade_16_contig_5.region001	371	371
sepi_clade_17_contig_23.region001	371	371
sepi_clade_18_contig_19.region001	371	371
sepi_clade_1_contig_5.region001	371	371
sepi_clade_21_contig_21.region001	371	371
sepi_clade_24_contig_17.region001	371	371
sepi_clade_25_contig_8.region001	371	371
sepi_clade_26_contig_6.region001	371	371
sepi_clade_27_contig_26.region001	371	371
sepi_clade_28_contig_10.region001	371	371
sepi_clade_30_contig_30.region001	371	371
sepi_clade_31_contig_17.region001	371	371
sepi_clade_32_contig_7.region001	371	371
sepi_clade_35_contig_21.region001	371	371
sepi_clade_36_contig_26.region001	371	371
sepi_clade_37_contig_15.region001	371	371
sepi_clade_38_contig_18.region001	371	371
sepi_clade_3_contig_17.region001	371	371
sepi_clade_42_contig_25.region001	371	371
sepi_clade_44_contig_6.region001	371	371
sepi_clade_46_contig_6.region001	371	371
sepi_clade_47_contig_29.region001	371	371
sepi_clade_48_contig_29.region001	371	371
sepi_clade_49_contig_22.region001	371	371
sepi_clade_54_contig_8.region001	371	371
sepi_clade_55_contig_6.region001	371	371
sepi_clade_56_contig_17.region001	371	371
sepi_clade_58_contig_6.region001	371	371
sepi_clade_59_contig_24.region001	371	371
sepi_clade_64_contig_31.region001	371	371
sepi_clade_65_contig_3.region001	371	371
sepi_clade_66_contig_18.region001	371	371
sepi_clade_67_contig_4.region001	371	371
sepi_clade_69_contig_7.region001	371	371
sepi_clade_6_contig_15.region001	371	371
sepi_clade_70_contig_26.region001	371	371
sepi_clade_71_contig_17.region001	371	371
sepi_clade_73_contig_19.region001	371	371
sepi_clade_7_contig_3.region001	371	371
sepi_clade_83_contig_7.region001	371	371
sepi_clade_86_contig_29.region001	371	371
sepi_clade_93_contig_24.region001	371	371
sepi_clade_29_contig_3.region001	371	383
sepi_clade_2_contig_6.region001	371	383
sepi_clade_4_contig_20.region001	371	383
sepi_clade_50_contig_13.region001	371	383
sepi_clade_72_contig_9.region001	371	383
